Gender,Senior_Citizen,Marital_Status,Dependents,tenure_in_months,Priority_Account,Credit_Cards,Loan_Account,Netbanking,Debit_Card,MobileApp,TechSupport_Availed,Zero_Balance_Account,FDs,Interest_Deposited,Paperless_Banking,Monthly_Average_Balance_(USD),Yearly_Average_Balance_(USD),Customer_Feedback,Category,Recommendation
0,-0.4816037828229825,1,0,-0.29237617268887545,1,0,2,0,0,0,1,1,1,0,1,0.9594405148907278,2395.7,361,10,0.0
0,1.309624321711619,0,0,-1.1395527730091959,1,1,2,0,0,0,0,1,1,0,1,0.9310195055909027,424.45,230,7,0.0
1,-0.4816037828229825,0,0,-1.2605780016263846,1,0,2,0,0,0,0,0,0,0,1,0.11516935627828506,69.9,317,10,0.0
0,-0.4816037828229825,0,0,-0.09066745832689438,1,0,1,1,1,0,0,0,0,0,1,-0.3730032740481178,1530.6,155,2,0.0
0,1.309624321711619,0,0,-0.37305965843366784,1,0,2,1,0,0,0,0,0,0,1,0.29907000468891615,1643.55,318,10,0.0
0,1.309624321711619,0,0,0.8775343706106147,1,1,1,1,1,0,1,1,1,1,0,0.534797199469816,4350.1,195,0,0.0
1,-0.4816037828229825,1,1,1.6036857423137465,1,1,2,0,1,0,0,1,0,1,1,0.7772116905565569,6588.95,188,0,0.0
1,-0.4816037828229825,1,1,-1.1395527730091959,1,0,0,0,0,0,0,0,0,0,1,-1.5365928312644743,77.6,346,7,0.0
1,-0.4816037828229825,0,0,-1.2202362587539883,1,0,0,0,0,0,0,0,0,1,0,-1.5549828961055374,47.7,268,1,0.0
1,-0.4816037828229825,0,0,-1.1395527730091959,1,0,1,0,1,0,0,0,0,0,0,-0.5752939872998118,208.45,211,4,0.0
1,-0.4816037828229825,0,1,-0.211692686944083,1,0,0,0,0,0,0,0,0,0,0,-1.5817320813289022,537.35,359,10,0.0
0,-0.4816037828229825,0,0,-1.1395527730091959,1,0,2,0,0,0,0,0,0,0,1,0.12352847666058649,268.35,228,6,0.0
0,-0.4816037828229825,0,0,-0.8571605729024223,1,1,1,0,0,0,0,0,1,0,1,-0.25096011646651695,601.6,290,8,0.0
0,-0.4816037828229825,0,0,-1.2605780016263846,1,0,1,0,0,0,1,0,0,0,1,-0.5535602743058282,49.9,201,3,0.0
0,-0.4816037828229825,1,1,1.4826605136965578,1,1,1,1,0,1,1,0,0,2,1,-0.07709041251464745,4254.1,176,6,0.0
0,-0.4816037828229825,1,1,-0.6554518585404413,1,0,2,0,1,0,0,0,0,0,0,0.22718156940112383,1195.75,193,0,0.0
1,1.309624321711619,1,1,1.2809517993345767,1,1,2,1,0,1,1,1,1,2,1,1.5094706360461605,7099,194,0,0.0
2,3.1008524262462207,2,2,,2,2,3,2,2,2,2,2,2,3,2,,,374,16,0.0
0,-0.4816037828229825,0,0,-0.49408488705085646,1,0,1,0,0,0,0,0,0,0,1,-0.7391327467929195,927.15,199,2,0.0
1,1.309624321711619,0,0,-1.2605780016263846,1,0,2,0,0,0,1,0,0,0,0,0.27566446761847213,74.7,204,4,0.0
1,-0.4816037828229825,0,0,0.5144586847590488,0,0,1,1,0,1,1,0,0,1,0,-0.8076775339277913,1840.75,343,9,0.0
0,-0.4816037828229825,1,0,0.11104125603508666,1,0,1,1,0,0,0,1,0,1,1,-0.143963375573059,2215.45,268,1,0.0
1,-0.4816037828229825,1,0,0.3127499703970677,1,1,2,0,1,0,0,1,1,0,1,1.1650748762953422,4113.1,194,0,0.0
1,-0.4816037828229825,0,0,-1.2605780016263846,1,0,0,0,0,0,0,0,0,0,0,-1.526561886805713,20.8,7,10,0.0
0,-0.4816037828229825,0,0,-1.2605780016263846,1,0,0,0,0,0,0,0,0,0,0,-1.5566547201819978,19.9,263,1,0.0
1,1.309624321711619,0,0,0.39343345614186015,2,1,2,0,1,0,0,0,0,0,1,0.4311441067292781,3344.1,137,6,0.0
0,-0.4816037828229825,0,0,-0.3327179155612716,1,1,2,0,1,1,0,1,1,0,1,1.2603688486535787,2494.65,144,15,0.0
0,-0.4816037828229825,1,0,1.321293542206973,1,1,2,0,1,1,1,1,1,1,1,1.3907711266174805,7118.9,111,13,0.0
0,1.309624321711619,1,0,0.39343345614186015,1,1,2,0,0,0,0,1,1,0,1,0.956096866737807,3944.5,239,15,0.0
0,1.309624321711619,0,0,-1.2605780016263846,1,1,2,0,0,0,0,0,0,0,1,0.18872961564253712,72.1,306,10,0.0
1,-0.4816037828229825,0,0,-1.2605780016263846,1,0,1,0,1,0,0,0,0,0,0,-0.528482913158924,50.65,188,0,0.0
0,-0.4816037828229825,0,0,-1.2605780016263846,1,0,0,0,0,0,0,0,0,0,0,-1.5817320813289022,19.15,190,0,0.0
1,-0.4816037828229825,0,0,-1.2605780016263846,1,0,0,0,0,0,0,0,0,0,0,-1.539936479417395,20.4,39,15,0.0
1,-0.4816037828229825,0,0,-0.7361353442852338,0,0,1,0,0,1,1,1,1,0,1,-0.38303421850687935,771.95,322,4,0.0
0,-0.4816037828229825,0,0,-1.2202362587539883,1,0,2,1,0,1,0,0,0,0,1,0.4679242364114046,137.1,335,3,0.0
1,-0.4816037828229825,0,0,0.3127499703970677,1,1,2,0,0,1,1,1,1,0,0,1.282102561647562,4131.95,208,4,0.0
1,1.309624321711619,1,1,0.4337751990142563,1,1,2,0,1,1,1,1,1,0,1,1.4810496267463358,4687.9,296,10,0.0
1,-0.4816037828229825,1,1,0.554800427631445,1,1,0,0,0,0,0,0,0,1,0,-1.3894723125359696,1174.8,223,6,0.0
1,-0.4816037828229825,1,1,-0.1310092011992906,1,0,1,0,0,1,1,1,1,2,0,0.30408547691829674,2054.4,38,7,0.0
0,-0.4816037828229825,0,0,-1.0185275443920072,1,0,2,0,0,0,0,0,0,0,1,0.1134975322018244,515.45,77,15,0.0
1,-0.4816037828229825,0,0,-0.8168188300300262,1,0,0,0,0,0,0,0,0,0,0,-1.551639247952617,265.45,58,4,0.0
1,-0.4816037828229825,0,0,-0.49408488705085646,1,0,1,0,1,0,0,0,0,0,1,-0.49003095940033753,1023.85,227,6,0.0
0,-0.4816037828229825,1,1,0.9582178563554071,1,1,1,1,0,1,0,0,1,1,1,0.07671740251969837,3808,272,3,0.0
0,1.309624321711619,0,0,-0.8571605729024223,1,0,2,0,1,0,0,1,1,0,1,0.9544250426613468,1120.3,267,1,0.0
2,3.1008524262462207,2,2,,2,2,3,2,2,2,2,2,2,3,2,,,374,16,0.0
0,-0.4816037828229825,1,1,1.6036857423137465,1,1,2,1,1,1,1,1,1,2,1,1.6499038584688244,8476.5,311,10,0.0
1,-0.4816037828229825,0,0,-1.2605780016263846,1,0,1,0,0,0,1,0,0,0,0,-0.5819812836056532,,317,10,0.0
1,-0.4816037828229825,0,0,1.0792430849725958,1,1,2,0,1,1,1,1,1,0,1,1.501111515663859,6519.75,272,3,0.0
0,-0.4816037828229825,0,0,1.4423187708241616,1,1,1,1,1,1,1,1,1,2,1,0.7253851441862883,6148.45,297,10,0.0
0,-0.4816037828229825,1,1,1.6036857423137465,1,1,2,1,0,0,0,0,0,2,0,0.42111316227051654,5730.7,252,9,0.0
0,-0.4816037828229825,1,0,-1.2202362587539883,1,0,2,1,0,0,0,0,0,0,1,0.2656335231597105,139.4,317,10,0.0
1,-0.4816037828229825,0,0,-1.2605780016263846,1,0,1,0,1,0,0,0,0,0,0,-0.5234674409295432,50.8,326,12,0.0
1,-0.4816037828229825,1,1,-1.0185275443920072,1,0,1,1,0,1,1,0,1,0,1,0.1636522544956329,515.75,243,15,0.0
0,-0.4816037828229825,0,0,-1.1395527730091959,0,0,1,0,0,0,0,0,0,0,1,-1.4112060255299532,96.05,194,0,0.0
0,-0.4816037828229825,1,1,1.523002256568954,1,1,1,1,0,0,0,0,1,1,0,-0.0419821069089816,4543.15,89,10,0.0
1,-0.4816037828229825,1,1,1.6036857423137465,1,1,2,0,0,0,0,0,1,2,1,0.6033419866046874,6130.85,215,4,0.0
0,-0.4816037828229825,1,1,-1.2605780016263846,1,0,0,0,0,0,0,0,0,0,0,-1.5533110720290773,20,332,12,0.0
1,-0.4816037828229825,0,0,-1.0992110301367997,1,0,2,0,0,1,0,1,1,0,0,1.0045797649551553,492.55,317,10,0.0
1,-0.4816037828229825,0,0,1.4826605136965578,0,0,1,1,1,0,1,1,1,2,1,-0.2141799867843909,4176.7,326,12,0.0
0,-0.4816037828229825,1,0,1.5633439994413503,1,1,1,1,1,1,1,1,1,2,0,0.6451375885161945,6223.8,286,16,0.0
1,-0.4816037828229825,0,0,0.7968508848658222,1,0,2,1,0,1,0,1,0,1,0,0.8290382369268255,4738.3,317,10,0.0
0,-0.4816037828229825,1,1,0.554800427631445,1,0,0,0,0,0,0,0,0,2,1,-1.5549828961055374,927.1,310,10,0.0
0,-0.4816037828229825,1,1,-0.8571605729024223,1,0,0,0,0,0,0,0,0,1,0,-1.5332491831115538,,140,15,0.0
1,-0.4816037828229825,1,1,-0.6554518585404413,1,0,1,1,0,1,0,1,0,2,0,-0.07374676436172707,1024,263,1,0.0
1,-0.4816037828229825,0,0,-1.0992110301367997,1,0,2,0,0,0,1,1,1,0,1,0.9912051723434728,453.4,189,0,0.0
0,-0.4816037828229825,0,0,-1.179894515881592,1,0,0,0,0,0,0,0,0,0,1,-1.5533110720290773,61.7,209,4,0.0
1,-0.4816037828229825,0,0,0.15138299890748289,1,0,1,1,0,1,1,1,1,0,1,0.4261286344998976,,74,15,0.0
1,-0.4816037828229825,1,0,-1.0992110301367997,1,1,2,0,1,0,1,0,0,0,1,0.6334348199809727,401.1,223,6,0.0
1,-0.4816037828229825,0,0,-1.2605780016263846,1,0,0,0,0,0,0,0,0,0,0,-1.5449519516467758,20.25,313,10,0.0
1,-0.4816037828229825,1,0,-1.2605780016263846,1,0,2,0,0,0,0,0,0,0,0,0.11851300443120544,70,207,4,0.0
0,-0.4816037828229825,1,1,1.0792430849725958,1,0,1,0,1,0,1,1,1,2,1,0.3174600695299792,4542.35,83,7,0.0
0,-0.4816037828229825,1,0,-0.3327179155612716,1,0,1,0,1,0,0,1,1,0,1,0.10012293959014243,1614.05,214,4,0.0
0,-0.4816037828229825,1,1,1.6036857423137465,1,1,1,0,0,1,0,1,1,2,1,0.3458810788298038,5468.45,26,7,0.0
0,-0.4816037828229825,0,0,-0.009983972582101961,1,0,0,0,0,0,0,0,0,1,0,-1.5349210071880142,654.55,203,2,0.0
0,-0.4816037828229825,1,1,0.07069951316269046,1,1,0,0,0,0,0,0,0,2,0,-1.3878004884595092,894.3,92,2,0.0
1,-0.4816037828229825,0,1,-1.2605780016263846,1,1,2,0,0,0,0,0,0,0,1,0.26396169908324985,74.35,188,0,0.0
1,-0.4816037828229825,0,0,-1.1395527730091959,1,1,1,0,0,0,1,0,1,0,0,-0.03027933837375981,237.2,232,7,0.0
1,-0.4816037828229825,0,0,1.5633439994413503,1,1,2,1,0,1,1,1,1,2,1,1.3907711266174805,7532.15,296,10,0.0
2,3.1008524262462207,2,2,,2,2,3,2,2,2,2,2,2,3,2,,,374,16,0.0
1,-0.4816037828229825,0,0,-0.9378440586472148,1,0,2,0,0,0,0,0,0,0,1,0.13523124519580826,597.9,220,6,0.0
0,-0.4816037828229825,0,0,1.1195848278449918,1,1,2,0,1,1,0,1,1,0,1,1.3188826913296887,6396.45,190,0,0.0
0,-0.4816037828229825,1,0,0.6354839133762374,0,0,1,1,0,1,0,0,1,0,1,-0.7073680893401743,2145,222,6,0.0
0,-0.4816037828229825,0,0,-0.77647708715763,1,0,2,0,1,1,0,0,0,0,1,0.4913297734818487,952.3,125,3,0.0
0,-0.4816037828229825,1,1,-0.978185801519611,1,0,2,0,1,0,0,1,0,0,1,0.5715773291519419,680.05,107,1,0.0
1,-0.4816037828229825,0,1,1.2406100564621805,0,0,1,1,1,0,1,0,0,1,1,-0.8645195525274407,2588.95,243,15,0.0
0,-0.4816037828229825,0,0,-0.8975023157748185,0,0,1,1,0,0,0,0,0,0,0,-1.227305377119322,301.9,138,10,0.0
0,-0.4816037828229825,0,0,-0.9378440586472148,1,1,2,0,0,0,0,1,1,0,0,0.9343631537438236,857.25,205,4,0.0
1,-0.4816037828229825,0,0,-1.2605780016263846,1,0,0,0,0,0,0,0,0,0,0,-1.5616701924113787,,189,0,0.0
0,-0.4816037828229825,1,1,0.3127499703970677,1,1,0,0,0,0,0,0,0,2,1,-1.3928159606888901,1024.7,235,15,0.0
1,1.309624321711619,1,0,-0.49408488705085646,1,0,2,0,1,0,0,0,0,0,1,0.24055616201280627,1463.5,183,7,0.0
1,-0.4816037828229825,1,0,0.3530917132694639,1,0,0,0,0,0,0,0,0,2,1,-1.5616701924113787,899.45,305,10,0.0
1,-0.4816037828229825,0,0,-1.2605780016263846,1,0,0,0,0,0,0,0,0,0,1,-1.5666856646407594,19.6,283,2,0.0
0,1.309624321711619,1,0,0.03035777029029425,1,1,2,0,1,0,0,0,0,0,1,0.47293970864078516,2656.5,314,10,0.0
1,-0.4816037828229825,1,1,1.4423187708241616,1,1,1,0,1,1,1,0,1,1,1,0.31244459730059815,5293.95,263,1,0.0
1,-0.4816037828229825,1,1,0.03035777029029425,1,0,1,1,0,1,0,1,1,1,0,0.2773362916949323,2453.3,71,15,0.0
0,-0.4816037828229825,0,0,0.6354839133762374,1,1,0,0,0,0,0,0,0,1,0,-1.4011750810711916,1203.95,117,4,0.0
0,-0.4816037828229825,1,1,-0.978185801519611,1,0,0,0,0,0,0,0,0,2,1,-1.558326544258458,146.6,289,8,0.0
0,-0.4816037828229825,1,1,1.321293542206973,1,1,2,1,1,0,1,1,0,2,1,1.0898427928546297,6416.7,15,4,0.0
1,-0.4816037828229825,0,0,1.523002256568954,1,1,2,1,0,0,1,1,1,2,1,1.2553533764241978,7250.15,197,2,0.0
0,-0.4816037828229825,1,0,1.0792430849725958,1,1,2,1,1,1,1,0,1,1,1,1.3556628210118147,6152.3,279,3,0.0
1,-0.4816037828229825,0,0,0.47411694188665254,1,1,2,0,0,1,0,0,1,0,1,0.8006172276270009,4063,264,1,0.0
1,-0.4816037828229825,0,0,1.0389013421001996,1,0,1,0,1,1,1,1,0,2,0,0.12185665258412581,4048.95,19,4,0.0
1,1.309624321711619,1,0,-0.211692686944083,0,0,1,1,0,0,0,0,0,0,0,-1.1938688955901164,805.1,332,12,0.0
1,1.309624321711619,0,0,-0.09066745832689438,1,2,1,1,1,0,0,1,1,0,1,0.2773362916949323,2111.3,248,15,0.0
0,-0.4816037828229825,0,0,-0.41340140130606406,1,1,2,0,0,0,0,1,0,0,1,0.5916392180694656,1821.95,308,10,0.0
1,-0.4816037828229825,1,1,-0.211692686944083,1,1,2,0,1,0,1,0,0,0,1,0.6267475236751315,2151.6,235,15,0.0
1,-0.4816037828229825,0,0,-0.77647708715763,1,0,0,0,0,0,0,0,0,2,0,-1.5533110720290773,268.45,98,5,0.0
0,-0.4816037828229825,0,0,-1.2202362587539883,1,0,2,0,0,0,0,0,0,0,1,0.10848205997244384,135.2,120,15,0.0
1,-0.4816037828229825,1,1,-1.2202362587539883,1,0,0,0,0,0,0,0,0,1,0,-1.546623775723236,34.75,87,4,0.0
2,3.1008524262462207,2,2,,2,2,3,2,2,2,2,2,2,3,2,,,374,16,0.0
0,-0.4816037828229825,1,1,0.9178761134830109,1,0,2,0,1,1,1,1,1,1,1,1.2453224319654361,5656.75,165,7,0.0
1,-0.4816037828229825,1,1,0.5951421705038412,1,1,2,0,1,0,0,1,1,0,1,1.099873737313391,4749.15,309,10,0.0
0,1.309624321711619,1,0,1.6036857423137465,1,1,2,0,1,1,1,1,1,2,1,1.482721450822796,7882.25,57,4,0.0
2,3.1008524262462207,2,2,,2,2,3,2,2,2,2,2,2,3,2,,,374,16,0.0
1,-0.4816037828229825,0,0,0.3530917132694639,1,1,1,0,0,1,0,0,1,1,0,-0.048669403214822826,2531.8,239,15,0.0
0,-0.4816037828229825,0,0,0.9582178563554071,1,1,2,0,1,0,1,1,1,0,1,1.303836274641546,5916.95,303,10,0.0
0,-0.4816037828229825,1,1,-0.5747683727956489,1,0,1,0,0,1,1,0,0,1,1,-0.4030961074244028,957.1,267,1,0.0
0,1.309624321711619,0,0,0.9582178563554071,1,1,2,0,1,1,1,1,0,2,1,1.1182638021544546,5706.3,290,8,0.0
2,3.1008524262462207,2,2,,2,2,3,2,2,2,2,2,2,3,2,,,374,16,0.0
1,-0.4816037828229825,1,1,0.9178761134830109,1,1,2,0,0,0,0,0,1,0,0,0.636778468133893,4713.4,303,10,0.0
0,-0.4816037828229825,0,0,-1.179894515881592,1,0,1,0,1,0,1,1,1,0,1,0.2957263565359953,244.1,369,9,0.0
1,-0.4816037828229825,1,1,0.7161673991210298,1,1,2,0,1,1,0,1,1,0,1,1.2503379041948166,5017.9,324,12,0.0
1,-0.4816037828229825,0,0,0.554800427631445,1,1,2,1,0,0,0,1,0,0,1,0.7588216257154939,4245.55,173,6,0.0
0,1.309624321711619,0,0,0.4337751990142563,1,1,2,0,1,0,0,1,0,0,1,0.7956017553976199,3838.75,290,8,0.0
0,-0.4816037828229825,0,0,-1.2605780016263846,1,0,2,0,0,0,0,0,0,0,0,0.15529313411333148,71.1,23,10,0.0
0,-0.4816037828229825,1,1,1.523002256568954,1,1,1,1,1,0,0,1,0,2,1,0.09176381920784102,4872.35,234,14,0.0
1,-0.4816037828229825,0,0,-0.8168188300300262,1,0,1,0,0,0,0,0,0,0,1,-0.7040244411872537,518.9,208,4,0.0
0,1.309624321711619,0,0,0.47411694188665254,1,1,2,1,1,1,0,1,1,1,1,1.4492849692935903,4860.35,348,4,0.0
1,-0.4816037828229825,0,1,1.5633439994413503,1,1,2,1,0,1,0,1,1,2,0,1.345631876553053,7382.25,198,2,0.0
0,-0.4816037828229825,1,0,0.9582178563554071,1,0,2,1,0,1,0,0,0,2,0,0.4629087641820236,4513.65,313,10,0.0
1,1.309624321711619,1,0,0.9985595992278032,1,1,2,0,1,0,0,0,1,0,1,0.7822271627859375,4925.35,260,9,0.0
0,-0.4816037828229825,0,0,-0.211692686944083,1,0,1,1,1,0,0,0,0,0,1,-0.32619219990722964,1652.95,219,4,0.0
1,-0.4816037828229825,0,0,-1.2605780016263846,1,0,2,1,0,0,0,0,1,0,1,0.6066856347576078,84.6,341,13,0.0
1,-0.4816037828229825,1,1,-1.179894515881592,1,0,2,1,1,0,0,1,0,0,0,0.7822271627859375,248.4,36,9,0.0
2,3.1008524262462207,2,2,,2,2,3,2,2,2,2,2,2,3,2,,,374,16,0.0
1,-0.4816037828229825,0,0,1.6036857423137465,1,1,2,0,1,1,1,1,1,2,0,1.4292230803760673,7878.3,204,4,0.0
1,1.309624321711619,1,0,0.03035777029029425,1,1,2,0,0,0,0,1,1,0,1,0.9377068018967439,3105.55,308,10,0.0
1,-0.4816037828229825,0,0,-1.2202362587539883,1,1,0,0,0,0,0,0,0,0,0,-1.3911441366124297,62,112,10,0.0
0,-0.4816037828229825,0,1,-0.6957936014128375,1,0,2,0,1,0,0,0,1,0,1,0.6501530607455756,1269.55,130,3,0.0
0,-0.4816037828229825,1,1,-1.2605780016263846,1,0,0,0,0,0,0,0,0,0,1,-1.586747553558283,19,263,1,0.0
1,-0.4816037828229825,1,1,1.2002683135897843,1,0,1,1,0,1,1,0,1,1,0,0.16532407857209355,4487.3,55,3,0.0
1,1.309624321711619,0,0,0.5951421705038412,1,1,1,0,1,0,1,0,0,2,0,-0.2292264034725333,2754,67,15,0.0
0,-0.4816037828229825,1,1,-0.09066745832689438,1,0,1,0,1,1,1,1,1,2,0,0.4796270049466264,2369.3,53,15,0.0
1,-0.4816037828229825,0,0,-1.0185275443920072,1,0,0,0,0,0,0,0,0,0,0,-1.5783884331759814,112.3,197,2,0.0
0,-0.4816037828229825,1,1,-0.978185801519611,1,0,1,1,1,0,0,0,0,0,0,-0.3947369870421014,482.25,37,2,0.0
0,1.309624321711619,0,0,-1.0992110301367997,0,0,1,0,1,0,0,0,0,0,0,-1.2707728031072894,131.05,263,1,0.0
2,3.1008524262462207,2,2,,2,2,3,2,2,2,2,2,2,3,2,,,374,16,0.0
0,1.309624321711619,0,0,-1.0185275443920072,1,0,2,1,0,0,0,0,0,0,0,0.334178310294582,503.6,221,6,0.0
0,-0.4816037828229825,0,0,-0.37305965843366784,0,0,1,0,0,0,0,1,1,0,1,-0.719070857875396,996.85,267,1,0.0
1,-0.4816037828229825,1,1,1.6036857423137465,1,1,2,1,1,1,1,1,1,2,1,1.5913900157927143,8468.2,115,4,0.0
0,-0.4816037828229825,1,1,-0.3327179155612716,1,0,0,0,0,0,0,0,0,2,1,-1.516530942346951,490.65,126,3,0.0
0,-0.4816037828229825,0,1,-1.2605780016263846,1,0,2,1,0,0,0,0,0,0,1,0.23888433793634561,73.6,341,13,0.0
0,-0.4816037828229825,1,1,-0.7361353442852338,1,0,2,0,0,0,0,0,1,0,1,0.4829706530995473,1152.8,107,1,0.0
1,-0.4816037828229825,1,0,1.6036857423137465,1,1,0,0,0,0,0,0,0,2,0,-1.3727540717713669,1710.9,42,10,0.0
1,1.309624321711619,1,0,-0.211692686944083,1,1,1,0,1,1,1,1,1,0,1,0.613372931063449,2309.55,257,9,0.0
0,-0.4816037828229825,0,1,-0.6957936014128375,1,0,2,0,0,0,0,0,0,0,0,0.0850765229019998,994.8,273,3,0.0
0,-0.4816037828229825,1,1,1.6036857423137465,0,0,1,0,1,1,1,1,1,2,1,-0.2158518108608511,4264,198,2,0.0
1,-0.4816037828229825,0,0,-0.09066745832689438,1,0,2,1,1,1,0,0,0,0,1,0.5966546902988462,2438.6,72,15,0.0
0,-0.4816037828229825,1,1,0.9985595992278032,1,0,0,0,0,0,0,0,0,2,0,-1.5700293127936802,1167.6,193,0,0.0
2,3.1008524262462207,2,2,,2,2,3,2,2,2,2,2,2,3,2,,,374,16,0.0
0,-0.4816037828229825,1,1,1.6036857423137465,1,1,2,1,1,1,0,1,1,2,0,1.44594132114067,8129.3,247,15,0.0
1,-0.4816037828229825,0,1,-0.8571605729024223,1,1,2,0,0,1,0,0,0,0,1,0.3860048566648507,851.8,205,4,0.0
0,-0.4816037828229825,1,0,0.7161673991210298,1,1,2,1,1,0,1,1,1,1,0,1.4074893673820834,5610.7,317,10,0.0
0,-0.4816037828229825,1,1,-1.0992110301367997,1,0,2,0,0,0,0,1,0,0,1,0.4812988290230866,356.1,119,15,0.0
0,-0.4816037828229825,0,0,-0.6554518585404413,1,0,2,0,1,0,0,0,0,0,0,0.2890390602301541,1212.85,309,10,0.0
0,-0.4816037828229825,0,0,-1.2202362587539883,1,0,0,0,0,0,0,0,0,0,0,-1.5700293127936802,27.55,188,0,0.0
1,-0.4816037828229825,0,0,-1.2202362587539883,1,1,2,0,0,0,0,1,0,0,1,0.6417939403632741,181.5,309,10,0.0
1,-0.4816037828229825,0,1,0.5144586847590488,1,1,2,0,0,1,0,1,1,2,0,1.1115765058486136,4634.35,219,4,0.0
1,1.309624321711619,0,0,-0.3327179155612716,1,1,2,0,0,0,0,0,0,0,1,0.3224755417593597,1712.7,252,9,0.0
2,3.1008524262462207,2,2,,2,2,3,2,2,2,2,2,2,3,2,,,374,16,0.0
1,-0.4816037828229825,0,0,-0.8975023157748185,1,1,0,0,0,0,0,0,0,2,0,-1.362723127312605,251.6,192,0,0.0
1,-0.4816037828229825,1,1,1.2406100564621805,1,1,2,0,1,1,0,1,1,2,1,1.282102561647562,6597.25,296,10,0.0
1,-0.4816037828229825,1,0,0.07069951316269046,1,1,2,0,0,1,0,1,1,0,1,1.1232792743838353,3480,341,13,0.0
0,-0.4816037828229825,0,0,-0.978185801519611,1,1,1,1,0,0,1,0,1,0,0,0.15696495818979214,563.65,330,12,0.0
1,-0.4816037828229825,0,1,-0.6151101156680451,1,0,1,0,0,0,0,0,0,1,0,-0.7307736264106182,681.4,252,9,0.0
1,1.309624321711619,0,0,-0.9378440586472148,1,1,2,0,0,1,0,1,1,0,1,1.138325691071978,918.6,268,1,0.0
1,-0.4816037828229825,0,0,-0.41340140130606406,1,1,2,0,1,0,0,0,0,0,1,0.4144258659646753,1600.25,285,7,0.0
0,-0.4816037828229825,1,1,-0.05032571545449817,1,0,1,1,0,1,1,1,1,1,1,0.4913297734818487,2545.75,52,4,0.0
1,1.309624321711619,0,0,1.321293542206973,1,1,2,1,0,1,1,1,1,2,1,1.4676750341346534,7246.15,345,7,0.0
0,1.309624321711619,1,0,1.321293542206973,1,0,2,1,1,1,0,0,1,0,0,0.9343631537438236,6126.15,333,12,0.0
1,1.309624321711619,1,1,1.6036857423137465,1,1,2,1,1,1,1,1,1,2,1,1.6214828491689997,8196.4,187,0,0.0
2,3.1008524262462207,2,2,,2,2,3,2,2,2,2,2,2,3,2,,,374,16,0.0
0,-0.4816037828229825,1,1,1.3616352850793692,1,1,2,0,0,0,0,0,0,1,1,0.26061805093032947,4859.25,193,0,0.0
0,-0.4816037828229825,1,0,1.5633439994413503,1,1,0,0,0,0,0,0,0,2,1,-1.4112060255299532,1732.95,325,12,0.0
1,-0.4816037828229825,1,0,0.15138299890748289,1,0,0,0,0,0,0,0,0,1,0,-1.5248900627292523,720.05,165,7,0.0
0,-0.4816037828229825,0,0,-1.2605780016263846,1,0,1,0,0,0,0,0,0,0,0,-0.7073680893401743,45.3,202,2,0.0
1,-0.4816037828229825,1,1,-0.29237617268887545,1,0,2,0,1,0,0,0,0,0,1,0.3024136528418365,1901.05,131,3,0.0
1,-0.4816037828229825,0,0,-1.0992110301367997,1,0,2,0,0,0,0,0,0,0,1,0.10848205997244384,316.9,194,0,0.0
0,-0.4816037828229825,1,1,1.4826605136965578,1,0,0,0,0,0,0,0,0,2,0,-1.5616701924113787,1375.4,264,1,0.0
0,1.309624321711619,1,0,-1.0992110301367997,1,0,2,0,0,0,0,0,0,0,1,0.09677929143722158,341.6,77,15,0.0
1,-0.4816037828229825,1,1,0.11104125603508666,1,0,0,0,0,0,0,0,0,2,0,-1.5499674238761567,655.3,125,3,0.0
0,-0.4816037828229825,0,0,-1.179894515881592,0,0,1,0,0,0,0,1,0,0,1,-1.0584511453968337,113.95,339,13,0.0
1,-0.4816037828229825,0,0,-0.978185801519611,1,1,2,0,0,0,0,0,1,0,0,0.6033419866046874,662.65,195,0,0.0
1,-0.4816037828229825,0,0,,1,0,1,0,0,1,1,1,0,0,1,-0.08377770882048867,318.1,167,6,0.0
1,-0.4816037828229825,0,0,0.7161673991210298,1,1,2,1,1,1,1,1,1,1,0,1.601420960251476,5791.1,249,9,0.0
1,1.309624321711619,1,1,-0.49408488705085646,1,0,2,1,0,1,1,0,1,1,0,0.9310195055909027,1818.3,321,10,0.0
0,-0.4816037828229825,0,0,1.5633439994413503,1,1,2,0,1,1,1,1,1,2,1,1.4977678675109387,7984.15,328,12,0.0
0,-0.4816037828229825,1,0,0.8775343706106147,1,1,2,1,1,1,1,1,1,1,1,1.611451904710238,6049.5,240,15,0.0
1,-0.4816037828229825,0,0,-0.41340140130606406,1,1,2,0,0,0,0,1,1,0,1,0.9577686908142672,2162.6,342,13,0.0
1,-0.4816037828229825,1,1,1.2406100564621805,1,1,1,1,1,1,0,1,1,2,0,0.5699055050754818,5435,150,2,0.0
1,-0.4816037828229825,1,1,0.756509141993426,1,1,2,1,1,0,1,1,1,1,0,1.4576440896758918,5686.4,362,10,0.0
0,-0.4816037828229825,0,0,-0.8571605729024223,1,1,2,0,0,0,0,0,0,0,0,0.2940545324595351,888.65,243,15,0.0
1,-0.4816037828229825,1,1,0.2320664846522753,1,1,0,0,0,0,0,0,0,2,0,-1.3844568403065889,963.95,244,15,0.0
1,-0.4816037828229825,1,1,-1.0992110301367997,1,0,0,0,0,0,0,0,0,1,0,-1.5499674238761567,85.1,209,4,0.0
0,-0.4816037828229825,0,0,-1.0992110301367997,1,0,0,0,0,0,0,0,0,0,1,-1.5365928312644743,104.3,338,13,0.0
0,-0.4816037828229825,1,1,0.8371926277382185,1,0,0,0,0,0,0,0,0,1,1,-1.558326544258458,1039.45,301,10,0.0
0,-0.4816037828229825,1,1,1.1195848278449918,0,0,1,1,0,1,1,1,1,2,0,-0.2208672830902319,3590.2,246,15,0.0
1,-0.4816037828229825,1,1,0.03035777029029425,1,0,0,0,0,0,0,0,0,1,0,-1.5332491831115538,690.25,268,1,0.0
0,1.309624321711619,1,0,-0.8571605729024223,1,0,2,0,0,0,1,1,0,0,1,0.5498436161579586,880.05,308,10,0.0
1,-0.4816037828229825,1,0,0.03035777029029425,1,0,2,0,0,1,0,1,1,1,1,,3036.75,264,1,0.0
1,1.309624321711619,1,0,-0.8571605729024223,1,0,0,0,0,0,0,0,0,0,0,-1.5549828961055374,214.75,329,12,0.0
1,-0.4816037828229825,1,1,1.6036857423137465,1,1,2,0,1,1,1,1,1,2,1,1.5312043490401444,8041.65,50,15,0.0
0,-0.4816037828229825,0,0,-1.0185275443920072,1,0,0,0,0,0,0,0,0,0,0,-1.5533110720290773,137.6,228,6,0.0
0,-0.4816037828229825,0,0,1.159926570717388,1,1,1,1,1,1,1,1,1,2,0,0.7755398664800968,5308.7,84,4,0.0
0,-0.4816037828229825,0,0,-0.8168188300300262,1,1,1,1,0,1,1,0,0,0,1,-0.16068161633766181,713.75,267,1,0.0
0,-0.4816037828229825,1,0,1.523002256568954,1,0,0,0,0,0,0,0,0,2,0,-1.5599983683349186,1397.65,116,4,0.0
0,-0.4816037828229825,1,0,-0.49408488705085646,1,1,2,1,0,0,0,0,0,0,0,0.5331253753933557,1592.35,279,3,0.0
2,3.1008524262462207,2,2,,2,2,3,2,2,2,2,2,2,3,2,,,374,16,0.0
0,-0.4816037828229825,0,0,-1.2202362587539883,1,0,2,0,0,0,0,0,0,0,0,0.10681023589598365,145.15,328,12,0.0
2,3.1008524262462207,2,2,,2,2,3,2,2,2,2,2,2,3,2,,,374,16,0.0
0,-0.4816037828229825,0,0,-0.49408488705085646,1,0,0,0,0,0,0,0,0,2,0,-1.5633420164878389,406.95,270,1,0.0
1,-0.4816037828229825,1,0,-1.2202362587539883,1,0,1,0,1,0,1,0,1,0,1,-0.07541858843818726,143.65,116,4,0.0
0,-0.4816037828229825,1,0,1.4019770279517654,1,1,2,1,0,1,1,1,1,1,1,1.4977678675109387,7511.65,189,0,0.0
1,-0.4816037828229825,1,1,1.6036857423137465,1,0,0,0,0,0,0,0,0,2,0,-1.5733729609466007,1363.25,249,9,0.0
1,-0.4816037828229825,1,1,1.4826605136965578,1,1,2,0,0,1,0,1,1,0,1,1.103217385466312,7007.6,239,15,0.0
0,-0.4816037828229825,0,0,-1.1395527730091959,1,0,1,0,0,0,0,0,0,0,0,-0.6956653208049522,191.05,220,6,0.0
0,-0.4816037828229825,0,0,-0.8975023157748185,1,1,2,0,0,0,1,1,1,0,1,1.0714527280135666,1058.25,269,1,0.0
1,-0.4816037828229825,0,0,-1.2605780016263846,1,0,0,0,0,0,0,0,0,0,1,-1.5382646553409347,20.45,309,10,0.0
1,-0.4816037828229825,1,1,1.6036857423137465,1,1,2,1,0,1,0,1,1,1,1,1.3255699876355294,7848.5,105,2,0.0
0,-0.4816037828229825,1,1,1.1195848278449918,1,0,1,0,1,1,1,1,1,2,1,0.47293970864078516,4946.7,51,4,0.0
1,-0.4816037828229825,1,1,-0.1310092011992906,1,1,1,0,1,1,0,1,1,0,0,0.45622146787618234,2211.8,335,3,0.0
2,3.1008524262462207,2,2,,2,2,3,2,2,2,2,2,2,3,2,,,374,16,0.0
1,1.309624321711619,1,1,1.6036857423137465,1,1,2,1,1,1,1,1,1,2,1,1.6482320343923642,8399.15,323,12,0.0
0,-0.4816037828229825,0,0,1.321293542206973,1,0,1,1,1,0,1,0,0,2,1,-0.2292264034725333,3739.8,316,10,0.0
0,1.309624321711619,0,0,-0.09066745832689438,1,1,2,1,1,1,0,0,0,0,0,0.8440846536149682,2758.15,262,1,0.0
0,-0.4816037828229825,1,0,0.7968508848658222,1,1,2,0,1,1,0,1,1,0,1,1.2904616820298636,5624.85,268,1,0.0
0,-0.4816037828229825,1,1,1.6036857423137465,1,1,2,1,1,0,0,1,1,1,1,1.2603688486535787,7303.05,262,1,0.0
1,-0.4816037828229825,1,0,1.1195848278449918,0,0,1,0,1,1,1,1,1,0,1,-0.20916451455500987,3582.4,261,9,0.0
0,-0.4816037828229825,1,1,-1.2605780016263846,1,0,2,0,1,0,0,0,0,0,1,0.27566446761847213,74.7,303,10,0.0
0,-0.4816037828229825,1,1,0.03035777029029425,1,0,1,1,1,1,0,0,0,1,1,-0.26767835723111977,1955.4,117,4,0.0
1,1.309624321711619,1,1,1.6036857423137465,0,0,1,1,1,1,1,1,1,2,1,-0.05535669952066405,4732.35,127,4,0.0
1,-0.4816037828229825,1,0,-0.8168188300300262,1,0,0,0,0,0,0,0,0,1,0,-1.5599983683349186,202.25,88,4,0.0
0,-0.4816037828229825,0,0,-1.179894515881592,1,0,2,0,0,1,0,0,0,0,1,0.2773362916949323,238.1,159,2,0.0
0,-0.4816037828229825,0,0,1.2002683135897843,1,1,2,1,1,1,0,0,0,1,1,0.85578742215019,5755.8,239,15,0.0
0,-0.4816037828229825,1,0,-0.49408488705085646,1,0,2,0,0,1,1,0,0,0,1,0.48631430125246766,1683.7,284,7,0.0
0,-0.4816037828229825,1,1,-0.8168188300300262,1,0,0,0,0,0,0,0,0,1,0,-1.5599983683349186,229.6,127,4,0.0
1,-0.4816037828229825,1,1,1.0792430849725958,1,1,2,0,0,1,0,1,1,2,1,1.1048892095427723,5861.75,21,4,0.0
1,-0.4816037828229825,0,0,0.554800427631445,1,1,2,0,1,1,1,1,1,2,0,1.4108330155350042,4903.2,228,6,0.0
1,1.309624321711619,1,0,0.11104125603508666,1,1,2,0,0,1,0,1,1,0,1,1.1483566355307395,3437.5,103,2,0.0
0,-0.4816037828229825,0,0,-1.2605780016263846,0,0,1,0,1,0,0,0,0,0,0,-1.220618080813481,29.95,189,0,0.0
0,-0.4816037828229825,0,0,-1.0588692872644034,1,1,2,1,0,0,0,0,0,0,1,0.42111316227051654,434.5,143,10,0.0
1,-0.4816037828229825,0,0,-1.0992110301367997,1,0,0,0,0,0,0,0,0,0,0,-1.5416083034938552,92.75,308,10,0.0
1,-0.4816037828229825,1,0,-0.6151101156680451,1,0,1,1,1,0,0,0,1,1,0,-0.05535669952066405,1175.6,291,8,0.0
1,-0.4816037828229825,0,0,-1.2605780016263846,1,0,1,0,0,0,1,0,0,0,1,-0.5736221632233517,49.3,62,4,0.0
0,1.309624321711619,1,0,0.9178761134830109,1,1,1,0,0,0,0,0,0,0,0,-0.49504643162971834,2838.55,184,6,0.0
0,1.309624321711619,0,0,-1.1395527730091959,1,1,2,0,0,1,0,1,0,0,1,0.7604934497919541,346.2,227,6,0.0
1,-0.4816037828229825,0,0,1.1195848278449918,1,1,2,0,1,0,0,1,0,0,1,0.7838989868623981,5450.7,233,6,0.0
0,-0.4816037828229825,1,1,1.6036857423137465,1,1,1,1,0,1,1,0,0,2,0,0.013188087614207443,4758.8,325,12,0.0
1,-0.4816037828229825,1,0,-0.1310092011992906,1,0,2,0,0,1,0,0,0,0,1,0.2957263565359953,2263.4,336,13,0.0
0,-0.4816037828229825,0,1,-0.7361353442852338,1,1,2,1,0,0,1,0,0,0,1,0.6534967088984959,1164.05,279,3,0.0
1,-0.4816037828229825,1,0,1.6036857423137465,1,1,1,1,0,1,1,1,1,2,0,0.6752304218924797,6094.25,225,7,0.0
0,-0.4816037828229825,1,0,0.15138299890748289,1,0,2,0,0,0,0,0,1,0,0,0.4662524123349444,2937.65,300,10,0.0
0,-0.4816037828229825,1,1,-0.6151101156680451,1,0,0,0,0,0,0,0,0,1,0,-1.528233710882173,418.25,350,9,0.0
0,-0.4816037828229825,1,0,1.159926570717388,1,1,2,0,0,1,1,1,1,0,1,1.3339291080178308,6751.35,188,0,0.0
2,3.1008524262462207,2,2,,2,2,3,2,2,2,2,2,2,3,2,,,374,16,0.0
1,-0.4816037828229825,0,2,1.4019770279517654,1,0,1,0,0,0,1,0,0,2,0,-0.5318265613118446,3260.1,343,9,0.0
0,1.309624321711619,0,0,-0.4537431441784603,0,0,1,1,0,0,0,1,0,0,1,-0.8210521265394735,840.1,227,6,0.0
0,-0.4816037828229825,1,1,-1.0992110301367997,1,0,1,0,0,0,0,0,0,0,0,-0.7240863301047772,220.45,332,11,0.0
1,-0.4816037828229825,0,0,-1.2605780016263846,1,0,2,0,0,0,0,1,1,0,1,0.7721962183271759,89.55,305,10,0.0
0,-0.4816037828229825,1,1,1.3616352850793692,1,1,1,1,1,1,0,0,0,0,1,0.03324997653173112,4508.65,209,4,0.0
0,-0.4816037828229825,0,0,-0.2520344298164792,0,0,1,0,0,1,0,1,1,0,1,-0.5385138576176857,1277.5,189,0,0.0
1,-0.4816037828229825,0,0,-0.978185801519611,0,0,1,0,0,0,0,0,0,0,1,-1.3777695440007476,186.3,171,6,0.0
1,-0.4816037828229825,0,0,-1.2202362587539883,1,1,2,0,1,0,0,0,0,0,1,0.5197507827816733,184.65,313,10,0.0
1,-0.4816037828229825,1,0,1.6036857423137465,1,1,1,1,1,1,1,1,1,2,1,0.7956017553976199,6369.45,303,10,0.0
0,-0.4816037828229825,1,1,1.159926570717388,1,1,1,1,1,1,1,1,1,2,0,0.7237133201098276,5526.75,285,7,0.0
1,-0.4816037828229825,0,0,1.6036857423137465,1,1,1,1,1,1,1,0,0,2,0,0.10681023589598365,4908.25,142,15,0.0
0,-0.4816037828229825,0,0,0.3530917132694639,1,0,2,0,1,0,1,1,1,2,1,1.0814836724723282,3959.15,307,10,0.0
0,-0.4816037828229825,1,1,-0.9378440586472148,1,0,1,1,0,0,0,0,0,1,0,-0.5970277002937955,422.3,270,1,0.0
1,-0.4816037828229825,1,1,0.2320664846522753,1,0,1,1,0,1,1,1,1,2,0,0.48631430125246766,3084.9,218,4,0.0
1,-0.4816037828229825,0,0,0.47411694188665254,1,0,0,0,0,0,0,0,0,2,0,-1.539936479417395,905.55,207,4,0.0
1,-0.4816037828229825,1,1,-0.8571605729024223,1,0,0,0,0,0,0,0,0,2,0,-1.5650138405642993,225.75,311,10,0.0
1,-0.4816037828229825,1,1,1.523002256568954,1,0,1,1,1,1,0,1,1,2,1,0.457893291952643,5600.15,33,7,0.0
0,-0.4816037828229825,0,0,0.4337751990142563,1,1,2,1,1,1,1,1,1,2,0,1.62482649732192,4895.1,76,4,0.0
0,-0.4816037828229825,0,0,-1.2605780016263846,1,0,0,0,0,0,0,0,0,0,0,-1.558326544258458,19.85,277,10,0.0
1,-0.4816037828229825,0,0,-1.179894515881592,1,1,2,0,1,1,0,1,1,0,0,1.3874274784645602,313.6,256,9,0.0
1,-0.4816037828229825,1,0,1.6036857423137465,1,1,2,1,0,1,1,1,1,2,1,1.5195015805049226,8071.05,203,2,0.0
0,-0.4816037828229825,0,0,-1.0588692872644034,0,0,1,0,0,0,0,1,1,0,0,-0.7173990337989359,298.7,289,8,0.0
0,-0.4816037828229825,0,1,-0.77647708715763,1,0,1,1,1,0,0,0,0,0,1,-0.3495977369776737,764.55,59,4,0.0
1,-0.4816037828229825,0,0,-1.0185275443920072,1,0,1,0,0,1,1,1,0,0,0,-0.07207494028526688,445.95,118,15,0.0
1,1.309624321711619,1,0,-1.2605780016263846,0,0,1,0,1,0,0,1,0,0,0,-0.877894145139123,40.2,313,10,0.0
0,-0.4816037828229825,1,0,1.159926570717388,1,1,2,0,1,0,0,1,1,2,1,1.156715755913041,5971.25,344,4,0.0
0,-0.4816037828229825,1,1,-0.8168188300300262,0,0,1,1,0,0,1,0,0,1,0,-1.113621339920023,444.75,157,2,0.0
1,-0.4816037828229825,0,0,-1.179894515881592,0,0,1,0,0,0,1,0,0,0,0,-1.2055716641253384,82.15,315,10,0.0
1,-0.4816037828229825,1,0,0.9582178563554071,1,1,2,0,1,0,0,1,1,1,0,1.1316383947661366,5614.45,262,1,0.0
0,-0.4816037828229825,0,0,-1.179894515881592,1,0,2,0,1,0,0,1,1,0,1,0.9577686908142672,307.4,297,10,0.0
1,-0.4816037828229825,0,0,0.7968508848658222,1,0,0,0,0,0,0,0,0,2,0,-1.5198745904998716,1107.2,287,8,0.0
1,-0.4816037828229825,1,0,0.11104125603508666,1,1,2,0,0,0,1,0,1,0,1,0.7822271627859375,3161.2,338,13,0.0
1,-0.4816037828229825,0,0,-0.9378440586472148,1,1,2,0,1,0,0,1,1,0,1,1.098201913236931,918.75,227,6,0.0
1,-0.4816037828229825,1,1,1.4423187708241616,1,1,1,1,1,1,1,1,1,2,1,0.7487906812567319,6132.7,335,3,0.0
0,-0.4816037828229825,1,0,0.3127499703970677,1,1,1,0,1,0,0,0,0,0,0,-0.3295358480601503,2379.1,221,6,0.0
0,-0.4816037828229825,0,0,-1.2202362587539883,1,0,0,0,0,0,0,0,0,0,1,-1.5349210071880142,33.6,134,6,0.0
0,-0.4816037828229825,1,1,-1.179894515881592,0,0,1,0,1,0,0,0,1,0,0,-0.8745504969862026,92.5,261,9,0.0
0,-0.4816037828229825,1,1,-1.1395527730091959,1,1,2,0,0,0,0,0,1,0,1,0.6518248848220357,381.3,228,6,0.0
0,-0.4816037828229825,1,1,0.7968508848658222,1,1,0,0,0,0,0,0,0,2,1,-1.3844568403065889,1270.25,268,1,0.0
1,-0.4816037828229825,0,0,-0.09066745832689438,1,1,2,0,0,0,1,0,1,0,1,0.7838989868623981,2723.15,312,10,0.0
1,1.309624321711619,1,0,0.7968508848658222,1,1,2,0,1,1,0,1,1,1,1,1.2921335061063237,5376.4,341,13,0.0
0,-0.4816037828229825,1,0,-0.77647708715763,1,1,1,1,1,0,1,1,0,0,1,0.3258191899122806,981.45,320,10,0.0
0,1.309624321711619,1,0,0.6354839133762374,1,0,2,0,0,0,0,0,0,0,1,0.14024671742518932,3545.05,282,7,0.0
0,-0.4816037828229825,0,0,-1.2605780016263846,1,0,1,0,0,0,1,0,0,0,1,-0.4766563667886551,52.2,239,15,0.0
1,-0.4816037828229825,0,0,-1.179894515881592,1,1,2,0,0,0,0,0,0,0,1,,229.55,329,12,0.0
0,-0.4816037828229825,0,0,0.07069951316269046,1,0,2,0,1,0,0,0,0,0,1,0.2505871064715679,2524.45,268,1,0.0
1,1.309624321711619,1,0,1.2809517993345767,1,1,2,0,0,1,1,1,1,2,0,1.1918240615187068,6538.45,82,7,0.0
0,-0.4816037828229825,0,0,1.0389013421001996,1,1,0,0,0,0,0,0,0,2,0,-1.4078623773770327,1423.85,241,15,0.0
1,-0.4816037828229825,0,0,-1.0992110301367997,1,0,2,0,0,0,0,1,0,0,1,0.47293970864078516,415.55,221,6,0.0
1,-0.4816037828229825,1,1,0.19172474177987908,1,1,1,1,0,1,1,0,0,2,1,-0.12222966257907536,2278.75,230,7,0.0
0,-0.4816037828229825,0,1,-1.179894515881592,1,0,1,1,0,0,1,0,1,0,1,-0.06538764397942565,177.4,208,4,0.0
1,-0.4816037828229825,0,0,0.7161673991210298,1,0,2,1,1,0,1,0,1,0,1,0.9042703203675383,4747.5,321,10,0.0
0,1.309624321711619,0,0,-0.41340140130606406,1,0,0,0,0,0,0,0,0,1,1,-1.551639247952617,417,234,15,0.0
1,-0.4816037828229825,1,0,1.4423187708241616,1,1,2,0,1,1,1,1,1,2,1,1.4559722655994316,7611.85,299,10,0.0
2,3.1008524262462207,2,2,,2,2,3,2,2,2,2,2,2,3,2,,,374,16,0.0
1,-0.4816037828229825,1,1,1.5633439994413503,1,1,2,1,0,1,0,1,1,2,0,1.3071799227944663,7405.5,0,4,0.0
0,1.309624321711619,0,0,-0.49408488705085646,1,0,2,0,0,0,0,0,1,0,1,0.5013607179406103,1671.6,245,15,0.0
1,-0.4816037828229825,1,0,1.3616352850793692,0,0,1,1,1,1,1,1,0,2,1,-0.3295358480601503,3789.2,18,3,0.0
0,-0.4816037828229825,0,0,0.4337751990142563,1,1,2,0,1,1,0,1,1,2,1,1.2754152653417208,4759.85,268,1,0.0
0,-0.4816037828229825,1,1,-0.6554518585404413,1,0,2,0,1,1,0,1,0,0,1,0.7688525701742555,1430.25,328,12,0.0
0,-0.4816037828229825,1,1,0.11104125603508666,1,0,1,1,0,0,1,0,0,1,1,-0.38470604258333957,1916,209,4,0.0
1,-0.4816037828229825,1,1,-0.05032571545449817,1,1,2,1,0,1,0,1,0,1,0,1.0564063113254238,3082.1,233,6,0.0
0,-0.4816037828229825,0,0,-0.978185801519611,1,0,2,0,1,0,0,0,0,0,0,0.3057573009947569,535.55,53,15,0.0
1,-0.4816037828229825,1,0,1.6036857423137465,1,1,1,1,1,1,1,1,1,2,1,0.7554779775625731,6254.45,41,3,0.0
1,-0.4816037828229825,0,1,1.3616352850793692,1,0,0,0,0,0,0,0,0,2,0,-1.5349210071880142,1357.1,78,4,0.0
0,1.309624321711619,0,0,-1.0185275443920072,1,0,2,0,0,1,0,1,0,0,1,0.5983265143753064,609.65,343,9,0.0
1,-0.4816037828229825,0,0,-0.5344266299232527,1,0,1,0,1,0,1,0,1,1,1,-0.03696663467960104,1231.85,272,3,0.0
1,-0.4816037828229825,0,1,-0.009983972582101961,1,1,1,0,1,1,1,1,1,1,0,0.576592801381323,2633.3,206,4,0.0
0,-0.4816037828229825,0,1,-0.5747683727956489,1,1,1,1,0,0,0,0,1,0,0,-0.05535669952066405,1166.7,342,13,0.0
1,-0.4816037828229825,1,0,-0.7361353442852338,1,0,1,0,1,1,1,1,1,2,0,0.5180789587052131,1181.75,200,2,0.0
1,-0.4816037828229825,0,0,1.6036857423137465,1,1,2,0,1,1,0,1,1,2,1,1.1517002836836603,7459.05,203,2,0.0
0,-0.4816037828229825,1,0,0.9582178563554071,1,0,2,1,1,1,0,1,1,1,1,1.3088517468709266,6068.65,192,0,0.0
0,-0.4816037828229825,1,0,0.554800427631445,1,1,0,0,0,0,0,0,2,1,1,-1.404518729224112,1066.15,209,4,0.0
0,-0.4816037828229825,1,1,1.159926570717388,1,1,2,1,1,1,1,1,1,2,0,1.6264983213983804,7008.15,199,2,0.0
1,1.309624321711619,1,0,-0.978185801519611,1,0,1,1,0,0,0,1,0,0,0,-0.18575897748456605,551.95,257,9,0.0
1,-0.4816037828229825,0,0,0.11104125603508666,1,0,1,1,1,1,0,0,0,1,0,-0.17572803302580423,2021.2,220,6,0.0
1,-0.4816037828229825,0,0,-1.0992110301367997,0,0,1,0,0,0,0,0,0,0,0,-1.409534201453493,100.2,2,3,0.0
0,-0.4816037828229825,1,1,-0.8975023157748185,1,1,2,1,0,0,0,1,1,0,1,1.1299665706896764,1064.65,331,12,0.0
1,-0.4816037828229825,1,1,1.6036857423137465,1,1,1,1,0,0,0,0,0,2,0,-0.3730032740481178,3983.6,240,15,0.0
1,-0.4816037828229825,0,0,-0.09066745832689438,1,1,2,1,1,1,1,0,0,0,1,0.9544250426613468,2852.4,318,10,0.0
1,-0.4816037828229825,0,0,-1.0185275443920072,1,1,2,0,1,0,0,1,1,0,1,1.1149201540015339,673.25,330,12,0.0
1,-0.4816037828229825,1,0,1.5633439994413503,1,1,2,0,0,1,0,1,1,1,1,1.0764682002429475,6962.85,242,15,0.0
1,-0.4816037828229825,0,0,-1.2605780016263846,1,0,1,0,0,0,0,0,0,0,1,-0.7240863301047772,44.8,270,1,0.0
1,-0.4816037828229825,1,1,-0.978185801519611,1,0,2,0,0,1,0,1,1,0,1,0.9460659222790454,759.55,197,2,0.0
1,1.309624321711619,1,0,1.5633439994413503,1,1,0,0,0,0,0,0,0,2,0,-1.4212369699887148,1756.2,86,4,0.0
1,-0.4816037828229825,0,0,-0.29237617268887545,1,0,2,1,0,1,1,1,1,0,1,1.305508098718006,2686.05,304,10,0.0
0,-0.4816037828229825,0,0,-0.8168188300300262,0,0,1,1,0,0,1,0,0,1,1,-1.0985749232318802,435.45,24,10,0.0
1,-0.4816037828229825,0,0,0.2320664846522753,1,1,2,0,0,1,1,1,0,1,0,0.9544250426613468,3605.6,180,7,0.0
0,-0.4816037828229825,1,0,0.8371926277382185,1,0,2,0,0,1,0,1,1,1,1,0.9494095704319657,5000.2,308,10,0.0
0,-0.4816037828229825,1,1,-1.2202362587539883,1,0,2,0,0,0,0,0,0,0,0,0.13188759704288788,147.15,228,6,0.0
1,-0.4816037828229825,0,0,-1.2605780016263846,1,0,0,0,0,0,0,0,0,0,0,-1.551639247952617,20.05,54,4,0.0
0,-0.4816037828229825,1,0,1.4423187708241616,1,1,1,1,0,0,1,0,0,1,0,-0.274365653536961,3975.7,222,6,0.0
1,-0.4816037828229825,1,0,0.5144586847590488,1,0,1,1,1,1,0,1,1,1,0,0.41275404188821513,3597.5,85,9,0.0
1,-0.4816037828229825,0,0,-0.8975023157748185,1,0,2,0,0,0,1,1,1,0,1,0.9577686908142672,865.1,330,12,0.0
1,-0.4816037828229825,1,1,-0.05032571545449817,1,1,1,1,1,0,1,0,1,1,1,0.2940545324595351,2344.5,227,6,0.0
0,1.309624321711619,0,0,0.6758256562486336,1,0,2,0,1,1,0,0,1,1,1,0.7822271627859375,4287.2,248,15,0.0
0,-0.4816037828229825,0,1,-0.3327179155612716,1,0,0,0,0,0,0,0,0,1,0,-1.5182027664234115,531.55,132,6,0.0
1,-0.4816037828229825,1,1,1.6036857423137465,0,0,1,1,1,1,1,0,0,2,0,-0.7090399134166345,3139.8,209,4,0.0
0,-0.4816037828229825,1,1,1.159926570717388,1,0,0,0,0,0,0,0,0,0,1,-1.5733729609466007,1182.55,325,12,0.0
1,-0.4816037828229825,1,1,1.3616352850793692,1,1,1,0,0,1,0,1,0,2,1,-0.10551142181447254,4189.7,218,4,0.0
1,-0.4816037828229825,1,0,-0.5747683727956489,1,1,2,0,0,0,0,0,0,0,1,0.22383792124820345,1305.95,306,10,0.0
1,-0.4816037828229825,1,1,1.0389013421001996,1,1,2,0,1,0,1,1,0,1,1,0.9443940982025852,5430.35,127,4,0.0
0,-0.4816037828229825,1,0,1.4423187708241616,1,1,1,1,1,1,1,0,0,2,0,0.14860583780749073,4911.35,230,7,0.0
0,1.309624321711619,0,0,-0.6151101156680451,1,1,2,0,0,1,0,0,0,0,1,0.5414844957756572,1470.05,292,3,0.0
1,1.309624321711619,1,0,-0.3327179155612716,1,0,2,0,0,1,0,1,1,0,1,0.8925675518323165,2231.05,262,1,0.0
1,1.309624321711619,0,0,-0.3327179155612716,1,0,2,0,0,0,0,0,0,0,0,0.11851300443120544,1732.6,183,7,0.0
0,-0.4816037828229825,1,0,1.6036857423137465,1,1,2,1,1,1,0,1,1,2,1,1.4777059785934155,8065.65,241,15,0.0
2,3.1008524262462207,2,2,,2,2,3,2,2,2,2,2,2,3,2,,,374,16,0.0
1,-0.4816037828229825,0,0,-0.8975023157748185,1,1,2,0,0,0,0,1,0,0,1,0.6551685329749561,834.1,313,10,0.0
1,-0.4816037828229825,0,0,-0.49408488705085646,1,0,0,0,0,0,0,0,0,2,1,-1.5633420164878389,419.4,131,3,0.0
0,1.309624321711619,0,0,-1.2202362587539883,1,0,1,0,0,0,0,0,0,0,1,-0.74080457086938,89.3,271,3,0.0
1,-0.4816037828229825,1,0,-0.3327179155612716,1,0,1,1,0,0,1,0,0,0,0,-0.4298452926477672,1315.35,255,9,0.0
1,-0.4816037828229825,0,0,-0.8168188300300262,1,0,0,0,0,0,0,0,0,0,0,-1.5382646553409347,255.35,341,13,0.0
0,-0.4816037828229825,1,0,-1.2605780016263846,0,0,1,0,1,0,0,0,0,0,1,-1.2239617289664015,29.85,268,1,0.0
0,1.309624321711619,1,0,0.9178761134830109,1,1,2,0,1,1,0,0,0,0,1,0.6351066440574329,4874.7,195,0,0.0
0,-0.4816037828229825,0,0,-1.2605780016263846,1,0,2,0,0,0,0,0,0,0,0,0.1034665877430628,69.55,229,6,0.0
1,-0.4816037828229825,1,1,1.523002256568954,1,0,0,0,0,0,0,0,0,2,0,-1.551639247952617,1360.25,195,0,0.0
1,-0.4816037828229825,1,0,1.2002683135897843,0,0,1,0,0,0,1,1,0,2,1,-0.9180179229741698,2337.45,20,15,0.0
1,-0.4816037828229825,0,0,-0.6957936014128375,1,1,2,0,0,0,0,1,1,0,1,0.8992548481381573,1444.65,241,15,0.0
1,1.309624321711619,1,0,0.11104125603508666,1,1,2,1,1,0,0,0,1,0,1,0.9393786259732042,3365.4,106,4,0.0
1,-0.4816037828229825,0,0,0.03035777029029425,1,0,2,1,0,0,1,1,0,2,1,0.7521343294096526,3027.65,75,15,0.0
0,-0.4816037828229825,1,1,-1.3009197444987808,0,0,1,1,0,1,1,1,0,2,1,-0.4649535982534333, ,34,15,0.0
0,-0.4816037828229825,1,1,0.11104125603508666,1,0,0,0,0,0,0,0,0,2,1,-1.558326544258458,739.35,104,2,0.0
0,-0.4816037828229825,0,0,-1.0588692872644034,1,0,2,0,0,1,0,0,1,0,0,0.5832800976871643,497.55,296,10,0.0
1,-0.4816037828229825,0,0,0.03035777029029425,1,0,2,0,1,0,1,0,0,2,0,0.47293970864078516,2651.1,246,15,0.0
0,-0.4816037828229825,0,0,1.4423187708241616,1,0,0,0,0,0,0,0,0,2,0,-1.5365928312644743,1424.9,305,10,0.0
1,1.309624321711619,1,0,1.6036857423137465,1,1,2,1,1,1,1,1,1,2,1,1.6582629788511256,8404.9,276,15,0.0
0,-0.4816037828229825,0,0,-0.8168188300300262,1,1,2,1,0,0,0,0,0,0,1,0.41776951411759616,927.35,304,10,0.0
0,-0.4816037828229825,0,0,0.15138299890748289,1,0,2,0,1,0,0,1,1,0,1,0.9477377463555056,3565.65,213,4,0.0
0,-0.4816037828229825,0,0,0.9985595992278032,1,1,2,1,1,0,1,0,0,0,1,0.7053232552687646,4884.85,260,9,0.0
0,-0.4816037828229825,1,1,1.1195848278449918,1,0,0,0,0,0,0,0,0,2,1,-1.5783884331759814,1103.25,44,4,0.0
0,1.309624321711619,0,0,-0.49408488705085646,1,1,2,0,1,1,0,0,1,0,1,0.9243322092850615,1782.4,313,10,0.0
0,-0.4816037828229825,0,0,-1.179894515881592,1,1,2,0,0,0,0,0,0,0,0,0.2656335231597105,215.8,268,1,0.0
0,-0.4816037828229825,1,1,-0.6957936014128375,1,1,0,0,0,0,0,0,0,0,1,-1.3777695440007476,394.85,320,10,0.0
0,1.309624321711619,1,0,1.3616352850793692,1,1,2,0,1,1,0,1,1,1,0,1.2754152653417208,6819.45,217,4,0.0
1,-0.4816037828229825,0,0,-0.09066745832689438,1,1,2,1,1,0,0,0,1,0,1,0.9310195055909027,2679.7,349,15,0.0
0,-0.4816037828229825,0,0,-0.77647708715763,0,0,1,1,0,0,0,0,0,0,1,-1.190525247437196,394.1,188,0,0.0
1,1.309624321711619,1,1,0.5951421705038412,1,0,2,0,1,0,0,1,0,1,1,0.6183884032928301,4018.05,236,15,0.0
1,-0.4816037828229825,0,1,-1.2605780016263846,1,0,1,0,0,0,0,0,0,0,0,-0.7508355153281415,44,149,2,0.0
0,-0.4816037828229825,0,0,-1.2605780016263846,0,0,1,0,0,0,0,0,0,0,0,-1.3777695440007476,25.25,291,8,0.0
1,-0.4816037828229825,1,1,1.5633439994413503,1,1,1,1,1,1,1,1,1,2,0,0.8006172276270009,6668.05,348,4,0.0
1,-0.4816037828229825,1,1,0.27240822752467153,1,0,2,0,1,0,0,1,0,0,1,0.6635276533572575,3266,263,1,0.0
1,-0.4816037828229825,1,0,0.9985595992278032,1,0,1,1,1,0,1,0,0,2,1,-0.2242109312431525,3450.15,146,2,0.0
0,-0.4816037828229825,0,0,-1.2605780016263846,1,0,0,0,0,0,0,0,0,0,0,-1.5566547201819978,19.9,10,4,0.0
1,-0.4816037828229825,1,1,-0.211692686944083,1,0,1,1,1,0,0,0,0,0,1,-0.39139333888918076,1510.3,373,10,0.0
0,1.309624321711619,1,0,1.5633439994413503,1,1,2,1,1,1,1,0,0,2,1,0.9995642927257742,6766.95,305,10,0.0
1,-0.4816037828229825,1,1,-1.2605780016263846,1,0,0,0,0,0,0,0,0,1,1,-1.546623775723236,20.2,124,15,0.0
0,-0.4816037828229825,0,2,-0.37305965843366784,1,0,2,1,0,0,0,0,0,0,1,0.2856954120772337,1778.5,156,2,0.0
0,1.309624321711619,1,0,0.19172474177987908,1,1,2,0,0,0,0,0,0,0,1,0.3358501343710422,2868.15,231,6,0.0
1,-0.4816037828229825,1,1,1.4019770279517654,1,1,2,0,1,1,0,1,1,1,1,1.3021644505650858,6989.45,264,1,0.0
0,-0.4816037828229825,1,1,1.321293542206973,1,1,2,0,1,1,0,1,1,0,1,1.305508098718006,6985.65,142,15,0.0
1,1.309624321711619,1,0,1.159926570717388,1,1,1,0,1,0,0,0,1,1,0,-0.0804340606675683,3902.6,14,10,0.0
1,-0.4816037828229825,1,0,1.2406100564621805,1,1,2,0,1,1,0,1,1,0,1,1.2352914875066745,6603,329,12,0.0
1,-0.4816037828229825,0,0,-0.5747683727956489,1,0,2,0,0,0,1,0,0,0,1,0.31578824545351897,1373.05,346,7,0.0
0,-0.4816037828229825,0,0,-0.8168188300300262,1,1,2,1,1,1,0,0,1,0,1,1.1115765058486136,1238.45,313,10,0.0
0,-0.4816037828229825,1,0,-1.0992110301367997,1,0,2,1,0,1,0,0,1,0,1,0.7504625053331925,454.15,331,12,0.0
0,-0.4816037828229825,1,1,0.4337751990142563,1,0,1,0,0,0,0,1,0,0,0,-0.3445822647482929,2499.3,306,10,0.0
0,-0.4816037828229825,1,1,-0.6957936014128375,1,0,0,0,0,0,0,0,0,1,0,-1.5349210071880142,295.95,310,10,0.0
0,-0.4816037828229825,1,0,0.07069951316269046,1,1,0,0,0,0,0,0,0,0,0,-1.3961596088418107,780.2,313,10,0.0
1,-0.4816037828229825,0,1,0.5951421705038412,1,0,0,0,0,0,0,0,0,1,0,-1.5349210071880142,1013.05,209,4,0.0
1,-0.4816037828229825,0,0,-1.0588692872644034,1,0,2,0,1,0,0,1,0,0,1,0.631762995904512,489.45,314,10,0.0
0,-0.4816037828229825,0,0,1.321293542206973,1,1,2,1,1,1,0,1,1,0,1,1.4910805712050974,7107,61,4,0.0
1,-0.4816037828229825,0,0,0.07069951316269046,1,1,2,1,1,1,1,1,1,1,0,1.664950275156967,3899.05,253,9,0.0
0,1.309624321711619,0,0,1.6036857423137465,1,1,2,0,1,1,1,1,1,2,0,1.511142460122621,7943.45,130,3,0.0
1,-0.4816037828229825,0,0,1.0389013421001996,1,1,2,0,1,1,0,1,1,1,1,1.2302760152772934,6017.65,188,0,0.0
1,-0.4816037828229825,0,0,-1.2605780016263846,1,0,0,0,0,0,0,0,0,0,1,-1.551639247952617,20.05,142,15,0.0
0,-0.4816037828229825,0,0,0.4337751990142563,1,1,0,0,0,0,0,0,0,2,1,-1.362723127312605,1188.2,332,12,0.0
1,-0.4816037828229825,0,1,-0.41340140130606406,1,1,2,0,1,0,0,1,0,0,1,0.7571498016390332,1949.4,73,15,0.0
0,-0.4816037828229825,1,1,1.2406100564621805,1,1,2,1,0,0,0,1,1,1,1,1.1099046817721532,6311.2,96,8,0.0
0,-0.4816037828229825,0,0,-1.2605780016263846,0,0,1,0,0,0,0,0,0,0,0,-1.3995032569947312,24.6,298,10,0.0
0,-0.4816037828229825,0,0,0.4337751990142563,1,0,2,0,1,1,0,1,0,0,1,0.842412829538508,3954.1,133,15,0.0
1,-0.4816037828229825,0,0,-0.6151101156680451,1,1,2,0,0,1,1,0,0,1,0,0.6785740700454002,1410.25,31,7,0.0
0,-0.4816037828229825,0,1,0.3530917132694639,1,0,0,0,0,0,0,0,0,1,1,-1.5449519516467758,865,186,15,0.0
0,-0.4816037828229825,1,1,0.7161673991210298,1,0,0,0,0,0,0,0,0,2,0,-1.5482955997996966,930.9,217,4,0.0
1,-0.4816037828229825,1,1,0.07069951316269046,0,0,1,1,0,0,0,0,0,1,0,-1.2055716641253384,938.65,64,15,0.0
0,1.309624321711619,0,0,-1.2202362587539883,1,0,2,0,0,0,0,0,0,0,1,0.13021577296642722,139.05,303,10,0.0
0,1.309624321711619,1,0,-0.211692686944083,1,0,2,1,0,0,0,0,0,0,1,0.29238270838307495,1929.35,188,0,0.0
2,3.1008524262462207,2,2,,2,2,3,2,2,2,2,2,2,3,2,,,374,16,0.0
1,-0.4816037828229825,0,0,1.6036857423137465,1,0,0,0,0,0,0,0,0,2,1,-1.5599983683349186,1468.75,315,10,0.0
1,-0.4816037828229825,1,1,0.4337751990142563,1,0,1,1,0,1,1,1,1,2,1,0.42445681042343736,3566.6,257,9,0.0
0,-0.4816037828229825,0,0,1.6036857423137465,1,1,2,0,0,1,1,1,1,2,1,1.3723810617764174,7853.7,179,6,0.0
2,3.1008524262462207,2,2,,2,2,3,2,2,2,2,2,2,3,2,,,374,16,0.0
1,-0.4816037828229825,0,1,-1.2605780016263846,1,2,0,0,0,0,0,0,0,0,0,-1.528233710882173,20.75,11,4,0.0
1,-0.4816037828229825,1,1,-1.0185275443920072,1,0,1,1,0,0,0,1,1,0,0,0.10848205997244384,516.15,268,1,0.0
0,-0.4816037828229825,0,0,-1.2202362587539883,1,0,2,0,0,0,0,0,0,0,1,0.1419185415016495,151.65,290,8,0.0
1,-0.4816037828229825,1,1,1.5633439994413503,1,0,1,0,1,0,1,1,1,2,1,0.2305252175540442,5154.5,16,15,0.0
1,-0.4816037828229825,0,1,-1.0588692872644034,1,0,0,0,0,0,0,0,0,0,0,-1.5650138405642993,100.9,199,2,0.0
1,-0.4816037828229825,1,1,1.2002683135897843,1,0,1,1,1,1,1,1,1,2,0,0.6568403570514163,5215.25,143,10,0.0
0,-0.4816037828229825,1,1,1.523002256568954,1,0,1,1,1,1,1,0,1,1,0,0.25560257870094844,5222.3,273,3,0.0
2,3.1008524262462207,2,2,,2,2,3,2,2,2,2,2,2,3,2,,,374,16,0.0
0,-0.4816037828229825,0,1,-0.77647708715763,0,0,1,0,1,0,0,0,0,0,0,-1.21393078450764,382.2,168,6,0.0
1,-0.4816037828229825,0,0,-0.5747683727956489,1,0,1,0,0,1,1,0,0,0,0,-0.37634692220103816,1058.1,219,4,0.0
1,-0.4816037828229825,0,0,0.756509141993426,1,1,2,0,0,0,0,0,1,0,0,0.5665618569225614,4149.45,271,3,0.0
2,3.1008524262462207,2,2,,2,2,3,2,2,2,2,2,2,3,2,,,374,16,0.0
0,-0.4816037828229825,1,0,0.5951421705038412,1,1,2,0,0,1,0,1,1,0,1,1.138325691071978,4707.1,128,6,0.0
1,-0.4816037828229825,0,0,1.5633439994413503,1,0,0,0,0,0,0,0,0,2,1,-1.5566547201819978,1355.1,351,7,0.0
1,-0.4816037828229825,0,0,-0.8975023157748185,1,0,0,0,0,0,0,0,0,0,1,-1.558326544258458,193.05,238,15,0.0
0,1.309624321711619,1,0,1.2809517993345767,1,0,2,1,1,1,0,0,1,1,0,1.021298005719758,6430.9,337,13,0.0
0,-0.4816037828229825,0,0,-1.2202362587539883,1,1,2,0,0,0,0,1,1,0,1,0.9878615241905524,174.8,313,10,0.0
1,-0.4816037828229825,1,1,-0.5747683727956489,1,0,2,0,0,1,0,1,1,0,0,0.9594405148907278,1779.95,166,7,0.0
0,-0.4816037828229825,0,0,-0.8975023157748185,0,0,1,1,1,1,0,0,0,0,0,-0.8611759043745201,449.3,274,7,0.0
1,-0.4816037828229825,1,1,1.6036857423137465,1,1,0,0,0,0,0,0,0,2,1,-1.3794413680772077,1798.9,177,6,0.0
0,-0.4816037828229825,0,0,-0.41340140130606406,1,0,2,0,0,0,0,1,1,0,0,0.7621652738684143,1907.85,246,15,0.0
1,-0.4816037828229825,0,0,-0.6151101156680451,1,0,2,1,0,0,0,1,1,0,0,0.9159730889027601,1625.65,284,7,0.0
1,-0.4816037828229825,1,0,1.2809517993345767,1,1,2,0,1,0,1,1,1,2,1,1.2971489783357046,6823.4,364,10,0.0
2,3.1008524262462207,2,2,,2,2,3,2,2,2,2,2,2,3,2,,,374,16,0.0
0,-0.4816037828229825,0,0,-0.009983972582101961,1,1,2,1,0,1,1,1,1,1,1,1.440925848911289,3608,94,8,0.0
0,-0.4816037828229825,0,0,-1.179894515881592,1,0,2,0,0,0,0,0,0,0,1,0.1034665877430628,222.3,186,15,0.0
0,-0.4816037828229825,0,0,-1.2202362587539883,0,0,1,0,0,0,0,0,1,0,1,-1.061794793549754,62.25,327,12,0.0
1,-0.4816037828229825,1,1,1.1195848278449918,1,1,2,1,0,1,0,1,0,1,1,0.9677996352730293,5812,191,0,0.0
1,-0.4816037828229825,1,1,0.07069951316269046,1,0,0,0,0,0,0,0,0,1,0,-1.5666856646407594,678.8,296,10,0.0
0,-0.4816037828229825,1,0,-1.2605780016263846,1,0,1,0,0,0,0,1,0,0,0,-0.37634692220103816,55.2,194,0,0.0
0,-0.4816037828229825,1,0,1.6036857423137465,1,1,2,0,1,1,1,1,1,1,1,1.405817543305623,8003.8,169,6,0.0
0,-0.4816037828229825,1,1,-1.0588692872644034,1,0,0,0,0,0,0,0,0,0,0,-1.5633420164878389,113.5,357,7,0.0
0,-0.4816037828229825,0,0,0.39343345614186015,0,0,1,1,1,1,1,0,1,1,1,-0.39139333888918076,2348.45,237,15,0.0
0,-0.4816037828229825,0,0,1.6036857423137465,1,1,1,0,1,1,1,1,1,2,0,0.6735585978160191,6350.5,282,7,0.0
0,-0.4816037828229825,1,1,1.2809517993345767,1,0,0,0,0,0,0,0,0,2,0,-1.546623775723236,1277.75,301,10,0.0
1,-0.4816037828229825,0,0,-0.8975023157748185,1,0,2,1,0,1,0,0,0,0,1,0.44786234749388093,887.35,63,15,0.0
1,-0.4816037828229825,0,1,-0.77647708715763,1,0,2,0,0,0,0,1,0,0,1,0.39603580112361225,1033.95,344,4,0.0
1,-0.4816037828229825,0,0,-0.8975023157748185,1,0,1,0,0,0,0,0,0,0,1,-0.7224145060283167,435.4,221,6,0.0
1,-0.4816037828229825,1,0,1.5633439994413503,1,1,2,1,0,1,1,1,1,2,1,1.4074893673820834,7616,295,10,0.0
2,3.1008524262462207,2,2,,2,2,3,2,2,2,2,2,2,3,2,,,374,16,0.0
0,-0.4816037828229825,0,0,-0.8571605729024223,0,0,1,0,0,0,0,1,0,0,1,-1.025014663867628,363.15,278,3,0.0
1,-0.4816037828229825,0,0,0.8775343706106147,1,1,2,1,1,0,1,1,1,2,1,1.3890993025410203,5760.65,68,15,0.0
1,1.309624321711619,0,0,-0.2520344298164792,1,0,0,0,0,0,0,0,0,1,0,-1.5767166090995213,504.2,193,0,0.0
0,-0.4816037828229825,0,0,1.2406100564621805,1,1,1,1,1,1,1,1,0,2,1,0.44786234749388093,4861.45,237,15,0.0
0,1.309624321711619,1,0,-0.29237617268887545,1,0,2,0,1,1,0,1,1,0,1,1.0714527280135666,2514.5,313,10,0.0
0,1.309624321711619,0,0,0.3127499703970677,1,1,2,0,0,1,1,1,1,1,1,1.2469942560418963,4188.4,313,10,0.0
0,-0.4816037828229825,1,1,1.159926570717388,1,0,1,0,0,1,1,1,1,2,1,0.24557163424218684,4616.05,242,15,0.0
1,-0.4816037828229825,0,0,-1.2202362587539883,1,0,0,0,0,0,0,0,0,0,1,-1.5650138405642993,38.8,237,15,0.0
0,-0.4816037828229825,0,0,-0.8975023157748185,1,0,1,0,1,0,0,0,0,0,0,-0.5100928483178607,498.25,317,10,0.0
1,-0.4816037828229825,1,1,1.6036857423137465,1,1,2,1,1,1,1,1,1,2,1,1.5429071175753661,8126.65,305,10,0.0
0,-0.4816037828229825,0,0,-1.179894515881592,1,0,0,0,0,0,0,0,0,0,0,-1.558326544258458,57.2,339,13,0.0
0,-0.4816037828229825,0,0,-1.2605780016263846,1,0,2,1,0,0,0,0,0,0,0,0.2957263565359953,75.3,353,15,0.0
0,-0.4816037828229825,0,0,-1.2605780016263846,1,1,2,0,0,0,0,0,1,0,1,0.6200602273692902,85,303,10,0.0
1,-0.4816037828229825,0,0,-1.2605780016263846,1,0,1,0,0,0,0,0,0,0,1,-0.6939934967284919,45.7,265,1,0.0
1,-0.4816037828229825,0,0,1.523002256568954,0,0,1,0,0,0,1,0,1,2,1,-0.882909617368504,2799.75,195,0,0.0
1,-0.4816037828229825,0,1,0.7968508848658222,1,1,1,1,1,0,1,1,1,2,1,0.6250756995986713,4461.85,121,15,0.0
1,-0.4816037828229825,1,0,0.9178761134830109,1,1,2,1,1,0,0,1,0,0,1,1.0129388853374568,5238.9,185,15,0.0
1,-0.4816037828229825,1,0,1.6036857423137465,0,0,1,1,1,1,0,0,0,2,0,-0.8143648302336323,2962,319,10,0.0
1,-0.4816037828229825,1,0,-0.6554518585404413,1,1,2,0,0,0,0,0,0,0,1,0.29907000468891615,1189.4,236,15,0.0
0,1.309624321711619,0,0,-0.6957936014128375,1,1,2,0,0,0,0,0,0,0,1,0.2673053472361707,1145.7,317,10,0.0
1,-0.4816037828229825,0,0,-1.2202362587539883,1,0,1,0,0,0,0,0,0,0,0,-0.7056962652637139,89.5,322,4,0.0
0,-0.4816037828229825,1,0,-1.2202362587539883,1,1,2,0,0,1,1,1,1,0,1,1.2687279690358801,242.8,334,12,0.0
0,-0.4816037828229825,1,1,-0.6554518585404413,1,1,2,1,0,1,1,1,1,0,1,1.5546098861105884,1882.55,371,10,0.0
1,-0.4816037828229825,0,0,-0.3327179155612716,1,0,2,0,0,0,0,0,1,0,1,0.44786234749388093,2001,308,10,0.0
0,-0.4816037828229825,0,0,0.07069951316269046,1,0,2,0,0,0,0,0,0,0,1,0.11851300443120544,2416.1,303,10,0.0
0,1.309624321711619,0,0,-0.41340140130606406,1,0,1,1,0,1,1,0,1,0,1,0.11015388404890403,1545.4,3,10,0.0
1,-0.4816037828229825,0,0,1.4423187708241616,1,1,1,1,1,1,0,0,1,1,1,0.34922472698272466,5023,243,15,0.0
1,1.309624321711619,0,0,1.5633439994413503,0,0,1,1,1,0,0,1,1,1,1,-0.33455132028953105,3985.35,212,4,0.0
1,-0.4816037828229825,1,1,-0.1713509440716868,1,0,2,0,1,1,1,1,0,1,0,0.8842084314500152,2768.35,278,3,0.0
1,-0.4816037828229825,0,0,-1.2202362587539883,1,0,1,0,0,0,0,0,0,0,1,-0.6839625522697302,84.5,290,8,0.0
2,3.1008524262462207,2,2,,2,2,3,2,2,2,2,2,2,3,2,,,374,16,0.0
0,-0.4816037828229825,1,1,-0.8975023157748185,1,1,2,0,0,0,0,0,1,0,0,0.6518248848220357,858.6,66,15,0.0
0,-0.4816037828229825,0,0,-0.4537431441784603,1,0,2,0,1,1,0,0,1,0,1,0.7889144590917787,1862.9,209,4,0.0
1,-0.4816037828229825,0,1,-0.1310092011992906,1,1,2,0,1,1,1,0,1,1,0,,2830.45,224,7,0.0
0,-0.4816037828229825,0,0,-1.0588692872644034,1,0,1,1,1,0,0,0,0,0,0,-0.37801874627749854,322.9,166,7,0.0
0,-0.4816037828229825,1,0,1.6036857423137465,0,0,1,1,1,1,1,1,1,2,0,-0.03195116245022,4919.7,330,12,0.0
1,-0.4816037828229825,1,1,1.4423187708241616,1,1,0,0,0,0,0,0,0,2,0,-1.3727540717713669,1620.2,25,9,0.0
1,-0.4816037828229825,0,1,-0.09066745832689438,1,0,1,0,1,1,0,1,0,1,0,-0.06538764397942565,1929.95,162,2,0.0
1,-0.4816037828229825,0,0,-0.6554518585404413,1,0,0,0,0,0,0,0,0,2,0,-1.588419377634743,326.8,189,0,0.0
1,-0.4816037828229825,0,0,0.11104125603508666,1,1,2,0,0,0,0,1,0,0,0,0.55820273654026,2848.45,355,10,0.0
2,3.1008524262462207,2,2,,2,2,3,2,2,2,2,2,2,3,2,,,374,16,0.0
0,-0.4816037828229825,0,0,-0.6957936014128375,1,0,2,1,0,1,1,1,1,0,0,1.2921335061063237,1582.75,221,6,0.0
1,-0.4816037828229825,0,0,-0.2520344298164792,1,0,0,0,0,0,0,0,0,1,0,-1.5599983683349186,457.3,198,2,0.0
1,-0.4816037828229825,0,1,0.9985595992278032,1,0,0,0,0,0,0,0,0,2,1,-1.5666856646407594,1170.55,203,2,0.0
2,3.1008524262462207,2,2,,2,2,3,2,2,2,2,2,2,3,2,,,374,16,0.0
2,3.1008524262462207,2,2,,2,2,3,2,2,2,2,2,2,3,2,,,374,16,0.0
1,-0.4816037828229825,0,0,-1.2202362587539883,1,0,2,0,0,0,0,1,0,0,1,0.4512059956468018,174.45,256,9,0.0
0,-0.4816037828229825,0,0,-1.2605780016263846,1,0,0,0,0,0,0,0,0,0,0,-1.5683574887172198,19.55,228,6,0.0
0,-0.4816037828229825,1,0,0.3530917132694639,1,0,2,0,1,1,1,0,0,1,1,0.6601840052043372,3339.05,268,1,0.0
0,-0.4816037828229825,0,0,-0.7361353442852338,1,0,2,0,1,0,1,0,0,0,1,0.4545496437997222,1112.3,40,10,0.0
2,3.1008524262462207,2,2,,2,2,3,2,2,2,2,2,2,3,2,,,374,16,0.0
1,-0.4816037828229825,0,0,0.6758256562486336,1,1,2,0,1,1,0,1,1,0,1,1.2453224319654361,5036.3,235,15,0.0
1,-0.4816037828229825,0,0,0.7968508848658222,1,1,1,1,0,0,1,1,1,2,1,0.44451869934096055,4217.8,319,10,0.0
0,-0.4816037828229825,1,0,0.9985595992278032,0,0,1,1,1,1,0,1,1,0,1,-0.25764741277235814,3437.45,191,0,0.0
1,-0.4816037828229825,0,0,-0.77647708715763,0,0,1,1,0,0,1,1,0,0,1,-0.6990089689578729,597,303,10,0.0
1,-0.4816037828229825,1,0,0.19172474177987908,1,0,0,0,0,0,0,0,0,0,0,-1.5416083034938552,697.65,314,10,0.0
1,-0.4816037828229825,1,1,0.7161673991210298,1,1,1,0,0,1,1,1,0,1,1,0.10681023589598365,3442.15,210,4,0.0
0,-0.4816037828229825,0,0,0.3530917132694639,1,0,0,0,0,0,0,0,0,2,0,-1.5315773590350936,835.15,181,6,0.0
1,-0.4816037828229825,0,0,-1.2605780016263846,0,0,1,0,0,0,0,0,1,0,1,-1.0367174324028499,35.45,312,10,0.0
1,-0.4816037828229825,1,1,1.1195848278449918,1,0,2,0,1,1,0,1,0,1,0,0.819007292468064,5453.4,188,0,0.0
0,-0.4816037828229825,1,1,,1,1,2,1,1,1,0,1,1,1,1,1.3941147747704012,7930.55,331,12,0.0
1,-0.4816037828229825,1,1,-0.05032571545449817,1,1,2,1,0,1,1,0,0,0,0,0.7638370979448744,2823,237,15,0.0
1,-0.4816037828229825,0,0,-1.2605780016263846,1,0,2,0,0,0,0,1,1,0,1,0.7838989868623981,89.9,208,4,0.0
1,-0.4816037828229825,0,0,-1.1395527730091959,1,0,2,0,0,1,1,0,1,0,1,0.8006172276270009,356.65,367,10,0.0
1,-0.4816037828229825,1,0,0.756509141993426,1,1,2,0,1,0,0,0,1,1,1,0.7989454035505403,4614.55,329,12,0.0
0,-0.4816037828229825,1,1,-0.1713509440716868,1,0,2,0,0,0,0,0,1,0,1,0.4879861253289278,2227.1,235,15,0.0
1,-0.4816037828229825,0,0,1.2406100564621805,1,0,0,0,0,0,0,0,0,1,0,-1.5365928312644743,1328.15,239,15,0.0
1,-0.4816037828229825,0,0,0.4337751990142563,1,1,2,0,0,0,0,1,1,1,0,0.9326913296673629,3921.3,300,10,0.0
1,1.309624321711619,0,0,-0.978185801519611,1,0,2,1,0,0,1,1,1,0,0,1.1316383947661366,832.35,126,3,0.0
0,-0.4816037828229825,0,0,-1.0992110301367997,1,0,1,0,1,0,0,0,0,0,0,-0.5318265613118446,244.75,140,15,0.0
0,-0.4816037828229825,0,0,-0.8975023157748185,0,0,1,0,0,0,1,0,0,2,1,-1.232320849348703,299.05,287,8,0.0
0,-0.4816037828229825,0,0,1.2002683135897843,1,1,0,0,0,0,0,0,0,2,1,-1.3593794791596845,1563.95,227,6,0.0
1,-0.4816037828229825,1,1,-1.1395527730091959,1,1,2,0,0,1,0,1,1,0,0,1.1600594040659618,385.9,238,15,0.0
0,1.309624321711619,0,0,-1.1395527730091959,1,1,2,0,0,0,0,1,1,0,2,0.9694714593494894,396.1,216,4,0.0
0,-0.4816037828229825,1,1,0.7968508848658222,1,0,0,0,0,0,0,0,0,1,1,-1.539936479417395,1090.65,296,10,0.0
0,1.309624321711619,0,0,-1.2605780016263846,1,0,2,0,0,1,0,0,0,0,1,0.2957263565359953,75.3,290,8,0.0
0,1.309624321711619,1,0,-1.2605780016263846,1,0,2,0,0,0,0,0,0,0,1,0.13355942111934807,70.45,308,10,0.0
2,3.1008524262462207,2,2,,2,2,3,2,2,2,2,2,2,3,2,,,374,16,0.0
0,-0.4816037828229825,1,0,-0.211692686944083,1,1,2,0,0,1,0,0,1,0,0,0.7922581072446996,2423.4,329,12,0.0
2,3.1008524262462207,2,2,,2,2,3,2,2,2,2,2,2,3,2,,,374,16,0.0
1,-0.4816037828229825,0,0,-1.2605780016263846,1,0,1,0,0,0,0,0,0,0,0,-0.6973371448814125,45.6,166,7,0.0
0,-0.4816037828229825,0,0,-1.1395527730091959,1,0,2,0,0,0,0,0,0,0,1,0.14860583780749073,273,319,10,0.0
0,1.309624321711619,1,0,-1.0992110301367997,1,0,2,0,0,0,0,0,0,0,0,0.12018482850766563,302.6,288,8,0.0
0,-0.4816037828229825,1,1,0.3530917132694639,1,0,1,1,0,0,1,1,1,1,1,0.27566446761847213,3187.65,282,7,0.0
1,-0.4816037828229825,0,0,0.2320664846522753,1,0,1,1,1,0,1,1,0,1,0,0.13857489334872863,2708.2,358,10,0.0
0,1.309624321711619,0,0,-1.179894515881592,1,0,2,0,0,1,0,0,0,0,0,0.2873672361536939,202.9,336,13,0.0
1,-0.4816037828229825,1,0,-0.8975023157748185,1,1,2,0,0,0,0,0,1,0,1,0.6284193477515917,855.3,264,1,0.0
1,-0.4816037828229825,1,1,0.11104125603508666,1,0,0,0,0,0,0,0,0,2,2,-1.5365928312644743,759.35,274,7,0.0
2,3.1008524262462207,2,2,,2,2,3,2,2,2,2,2,2,3,2,,,374,16,0.0
1,1.309624321711619,0,0,-1.2605780016263846,0,0,1,0,0,1,0,0,1,0,1,-0.8962842099801862,39.65,192,0,0.0
1,-0.4816037828229825,1,0,1.321293542206973,1,0,0,0,0,0,0,0,0,2,1,-1.539936479417395,1414.45,314,10,0.0
1,-0.4816037828229825,0,0,1.0792430849725958,1,0,0,0,0,0,0,0,0,2,0,-1.575044785023061,1099.6,323,12,0.0
1,-0.4816037828229825,1,0,-0.4537431441784603,1,1,2,0,1,1,1,1,1,0,1,1.4960960434344786,2317.1,317,10,0.0
2,3.1008524262462207,2,2,,2,2,3,2,2,2,2,2,2,3,2,,,374,16,0.0
0,-0.4816037828229825,1,1,-0.41340140130606406,1,0,2,0,1,0,0,0,1,0,0,0.5632182087696406,1845.9,348,4,0.0
2,3.1008524262462207,2,2,,2,2,3,2,2,2,2,2,2,3,2,,,374,16,0.0
1,1.309624321711619,0,0,-1.1395527730091959,1,0,2,1,0,0,0,0,0,0,0,0.2973981806124555,273.4,293,15,0.0
1,1.309624321711619,1,0,0.03035777029029425,1,1,2,1,0,1,1,1,1,0,1,1.4526286174465113,3694.7,291,8,0.0
1,-0.4816037828229825,0,0,-1.2605780016263846,1,0,1,0,0,0,0,0,0,0,0,-0.7374609227164594,44.4,239,15,0.0
1,-0.4816037828229825,0,1,1.3616352850793692,1,0,0,0,0,0,0,0,0,2,0,-1.5549828961055374,1269.1,330,12,0.0
1,-0.4816037828229825,0,0,-1.179894515881592,1,0,1,1,0,0,1,1,0,0,1,-0.06873129213234602,195.65,324,12,0.0
1,-0.4816037828229825,0,0,0.03035777029029425,1,1,1,0,1,0,0,0,0,0,1,-0.3947369870421014,1665.2,291,8,0.0
0,-0.4816037828229825,0,0,0.03035777029029425,1,0,2,0,1,0,1,0,0,1,1,0.4512059956468018,2684.85,336,13,0.0
0,-0.4816037828229825,1,0,1.2406100564621805,1,1,2,0,0,0,1,0,0,1,1,0.49300159755830886,4965.1,332,12,0.0
0,-0.4816037828229825,1,1,0.9582178563554071,1,1,2,0,1,1,1,0,1,1,1,1.1132483299250737,5608.4,299,10,0.0
0,-0.4816037828229825,1,0,-1.0185275443920072,1,0,2,0,0,1,0,0,0,0,1,0.29071088430661474,496.9,330,12,0.0
0,-0.4816037828229825,0,0,-0.41340140130606406,1,1,0,0,0,0,0,0,0,2,0,-1.344333062471542,605.9,60,4,0.0
0,-0.4816037828229825,0,1,1.2002683135897843,1,1,2,0,0,1,0,1,1,1,1,1.126622922536756,6413.65,189,0,0.0
1,-0.4816037828229825,1,1,-0.37305965843366784,1,0,2,0,1,1,1,0,0,1,0,0.6802458941218603,1940.8,195,0,0.0
1,-0.4816037828229825,0,1,0.6354839133762374,1,1,1,1,0,1,0,1,1,1,1,0.4110822178117549,3682.45,316,10,0.0
0,-0.4816037828229825,1,1,-1.0185275443920072,1,0,1,1,1,1,1,1,0,0,1,0.3091009491476778,554.05,318,10,0.0
1,-0.4816037828229825,0,0,1.6036857423137465,0,0,1,1,1,1,1,1,1,2,1,-0.03027933837375981,4807.45,235,15,0.0
0,1.309624321711619,0,0,,1,0,2,0,0,0,1,1,1,0,1,0.9360349778202838,1511.2,268,1,0.0
1,-0.4816037828229825,0,0,-1.2605780016263846,1,0,0,0,0,0,0,0,0,0,0,-1.546623775723236,20.2,199,2,0.0
0,-0.4816037828229825,0,0,0.11104125603508666,1,1,2,0,0,1,0,1,1,0,1,1.1299665706896764,3527.6,239,15,0.0
1,-0.4816037828229825,1,1,1.321293542206973,1,0,0,0,0,0,0,0,0,2,0,-1.5566547201819978,1292.6,281,3,0.0
0,-0.4816037828229825,1,1,1.2406100564621805,1,1,2,1,1,1,0,1,0,0,1,1.139997515148438,6215.35,332,12,0.0
0,-0.4816037828229825,0,0,1.1195848278449918,1,1,1,1,0,1,1,0,0,1,0,-0.05702852359712424,4039.5,253,9,0.0
0,1.309624321711619,0,0,0.9178761134830109,1,1,2,0,0,1,0,1,1,1,1,1.121607450307375,5509.3,317,10,0.0
0,-0.4816037828229825,1,1,0.8775343706106147,1,1,2,1,1,0,0,1,1,0,1,1.258697024577118,5645.8,305,10,0.0
0,-0.4816037828229825,0,0,1.2809517993345767,1,1,0,0,0,0,0,0,0,1,0,-1.3961596088418107,1642.75,136,4,0.0
1,-0.4816037828229825,1,0,0.9582178563554071,1,1,2,0,1,0,1,1,1,1,1,1.3640219413941161,6033.3,223,6,0.0
0,-0.4816037828229825,1,0,1.3616352850793692,1,1,2,1,1,0,1,0,0,1,0,0.7538061534861129,5898.6,143,10,0.0
1,1.309624321711619,1,0,-0.37305965843366784,1,1,2,0,0,0,0,0,1,0,0,0.6802458941218603,1975.85,303,10,0.0
1,-0.4816037828229825,0,0,0.5951421705038412,1,1,2,0,1,1,0,1,1,1,1,1.2252605430479124,4889.3,210,4,0.0
0,-0.4816037828229825,1,1,0.6354839133762374,1,0,0,0,0,0,0,0,0,2,0,-1.5315773590350936,1057,265,1,0.0
1,-0.4816037828229825,0,0,0.39343345614186015,1,1,2,1,1,1,0,0,1,1,1,1.0881709687781693,4298.45,322,4,0.0
1,-0.4816037828229825,1,0,1.2809517993345767,1,0,2,0,1,1,1,1,1,1,1,1.203526830053929,6654.1,288,8,0.0
1,-0.4816037828229825,1,0,0.5144586847590488,1,1,2,0,1,0,0,0,0,0,0,0.4996888938641501,3775.85,209,4,0.0
1,-0.4816037828229825,0,1,1.159926570717388,1,0,0,0,0,0,0,0,0,2,0,-1.5616701924113787,1124.2,365,10,0.0
1,-0.4816037828229825,1,0,1.6036857423137465,1,0,0,0,0,0,0,0,0,2,0,-1.5767166090995213,1304.8,122,13,0.0
1,-0.4816037828229825,0,1,-1.3009197444987808,1,0,0,0,0,0,0,0,0,2,0,-1.5449519516467758, ,110,13,0.0
1,-0.4816037828229825,0,0,-1.179894515881592,1,0,0,0,0,0,0,0,0,1,0,-1.5666856646407594,61.35,243,15,0.0
0,1.309624321711619,0,0,0.6758256562486336,1,1,2,1,0,0,0,1,1,0,0,1.1734339966776437,5070.4,338,13,0.0
0,1.309624321711619,1,1,-0.1713509440716868,0,0,1,0,0,0,0,1,0,0,1,-1.0216710157147073,973.65,242,15,0.0
0,1.309624321711619,0,0,0.9582178563554071,1,1,2,1,1,1,0,1,1,1,0,1.4726905063640345,6139.5,303,10,0.0
0,-0.4816037828229825,0,0,0.5951421705038412,1,0,0,0,0,0,0,0,0,2,1,-1.5349210071880142,945.7,121,15,0.0
0,-0.4816037828229825,1,1,0.19172474177987908,1,1,2,0,1,0,0,1,0,0,1,0.7471188571802716,3340.55,331,12,0.0
1,-0.4816037828229825,1,1,-0.3327179155612716,1,1,0,0,0,0,0,0,0,2,1,-1.416221497759334,587.4,245,15,0.0
1,-0.4816037828229825,1,1,1.2002683135897843,1,1,0,0,0,0,0,0,0,2,1,-1.4112060255299532,1424.6,221,6,0.0
1,-0.4816037828229825,0,0,-1.2605780016263846,1,0,1,0,0,0,0,0,1,0,1,-0.38303421850687935,55,239,15,0.0
1,-0.4816037828229825,1,1,-0.41340140130606406,1,0,0,0,0,0,0,0,0,1,0,-1.5482955997996966,419.9,27,9,0.0
0,-0.4816037828229825,1,1,0.5144586847590488,1,1,0,0,0,0,0,0,0,1,1,-1.356035831006764,1216.6,351,7,0.0
0,-0.4816037828229825,1,1,1.5633439994413503,1,0,2,0,0,1,0,0,0,2,0,0.32080371768289956,5436.45,276,15,0.0
2,3.1008524262462207,2,2,,2,2,3,2,2,2,2,2,2,3,2,,,374,16,0.0
0,-0.4816037828229825,0,0,-0.6957936014128375,1,1,2,0,1,0,0,1,1,0,1,1.126622922536756,1415,275,15,0.0
1,-0.4816037828229825,0,0,-1.179894515881592,1,0,1,0,0,0,0,0,0,0,1,-0.7056962652637139,141.5,313,10,0.0
0,-0.4816037828229825,1,0,0.554800427631445,1,0,1,0,1,0,1,1,0,2,1,-0.07541858843818726,3009.5,337,13,0.0
1,-0.4816037828229825,0,1,-1.179894515881592,1,0,0,0,0,0,0,0,0,0,0,-1.5248900627292523,60.65,227,6,0.0
1,1.309624321711619,0,0,0.7968508848658222,0,0,1,0,1,0,0,1,1,0,1,-0.5786376354527325,2550.9,313,10,0.0
0,-0.4816037828229825,0,0,-0.5344266299232527,1,0,0,0,0,0,0,0,0,0,0,-1.5566547201819978,367.55,303,10,0.0
1,-0.4816037828229825,1,1,1.3616352850793692,1,1,1,1,0,1,1,1,1,2,1,0.5866237458400846,5714.25,185,15,0.0
1,-0.4816037828229825,0,0,-0.3327179155612716,0,0,1,1,0,0,0,1,1,1,1,-0.5301547372353842,1288.75,250,9,0.0
1,1.309624321711619,0,0,-1.179894515881592,0,0,1,0,0,1,0,0,1,0,1,-0.8461294876863777,132.2,188,0,0.0
1,-0.4816037828229825,0,0,0.3530917132694639,1,0,2,0,0,0,1,0,0,0,1,0.26061805093032947,3089.1,69,4,0.0
0,-0.4816037828229825,0,0,0.15138299890748289,0,0,1,1,0,0,0,0,0,2,0,-1.1838379511313548,1126.35,337,13,0.0
0,1.309624321711619,1,0,1.321293542206973,1,1,2,1,0,1,0,1,1,0,0,1.2971489783357046,6786.4,235,15,0.0
0,-0.4816037828229825,1,1,-0.37305965843366784,1,0,0,0,0,0,0,0,0,1,0,-1.551639247952617,415.1,310,10,0.0
1,-0.4816037828229825,1,0,1.6036857423137465,1,1,2,1,1,1,0,0,1,2,1,1.0931864410075505,7422.1,281,3,0.0
1,1.309624321711619,0,0,-1.2605780016263846,1,0,1,0,0,0,0,0,0,0,0,-0.7090399134166345,45.25,108,3,0.0
1,-0.4816037828229825,0,0,1.6036857423137465,1,1,1,1,1,0,1,1,1,2,0,0.6551685329749561,6309.65,1,10,0.0
1,-0.4816037828229825,1,0,1.1195848278449918,1,1,0,0,0,0,0,0,0,1,0,-1.4145496736828738,1505.9,342,13,0.0
1,1.309624321711619,1,0,1.0389013421001996,0,0,1,0,1,1,0,0,1,0,1,-0.7073680893401743,2651.2,163,4,0.0
0,1.309624321711619,0,0,-1.179894515881592,1,1,2,0,1,0,0,0,0,0,1,0.43281593080573877,205.05,258,9,0.0
0,-0.4816037828229825,1,1,-0.6554518585404413,1,0,0,0,0,0,0,0,0,0,0,-1.539936479417395,321.4,356,9,0.0
2,3.1008524262462207,2,2,,2,2,3,2,2,2,2,2,2,3,2,,,374,16,0.0
0,1.309624321711619,1,0,-1.1395527730091959,1,1,2,0,0,0,0,1,0,0,1,0.5615463846931804,308.05,197,2,0.0
0,-0.4816037828229825,0,0,-0.41340140130606406,1,1,2,0,0,0,0,0,0,1,1,0.31913189360643934,1783.6,221,6,0.0
1,-0.4816037828229825,0,0,0.6758256562486336,0,0,1,0,0,1,0,0,0,0,1,-1.2122589604311795,1453.1,113,13,0.0
1,-0.4816037828229825,0,0,0.47411694188665254,1,0,2,0,0,0,0,0,0,0,0,0.08006105067261875,2958.95,351,7,0.0
1,-0.4816037828229825,1,0,-1.179894515881592,1,1,0,0,0,0,0,0,0,0,1,-1.4329397385239369,89.05,46,15,0.0
0,-0.4816037828229825,1,1,1.6036857423137465,1,1,2,1,1,0,1,1,0,2,0,1.1182638021544546,7251.7,186,15,0.0
1,-0.4816037828229825,1,1,0.3127499703970677,1,0,2,0,0,1,0,1,0,1,1,0.6217320514457504,3355.65,221,6,0.0
0,-0.4816037828229825,0,0,-1.2605780016263846,1,0,0,0,0,0,0,0,0,0,1,-1.5566547201819978,19.9,192,0,0.0
2,3.1008524262462207,2,2,,2,2,3,2,2,2,2,2,2,3,2,,,374,16,0.0
0,-0.4816037828229825,0,0,-0.6957936014128375,1,0,2,1,1,0,0,1,1,0,1,1.0915146169310899,1426.4,165,7,0.0
1,-0.4816037828229825,1,0,1.0792430849725958,1,1,2,0,0,0,0,0,1,1,0,0.6384502922103533,5084.65,227,6,0.0
0,-0.4816037828229825,0,0,-0.978185801519611,1,1,2,0,0,1,0,1,1,0,1,1.1099046817721532,820.5,262,1,0.0
1,-0.4816037828229825,0,0,0.554800427631445,1,1,2,0,1,1,0,1,0,1,1,0.9510813945084264,4422.95,317,10,0.0
1,-0.4816037828229825,1,0,,1,1,1,1,1,0,1,1,0,2,0,0.23554068978342524,5357.75,170,7,0.0
1,-0.4816037828229825,1,1,1.6036857423137465,1,1,1,1,0,1,1,0,0,2,1,0.0014853190789856547,4811.6,297,10,0.0
0,1.309624321711619,1,0,1.523002256568954,1,1,2,0,0,0,0,0,0,2,1,0.30742912507121756,5411.4,212,4,0.0
0,-0.4816037828229825,0,0,-0.41340140130606406,1,0,2,1,0,0,1,0,1,0,1,0.7554779775625731,1886.25,164,4,0.0
1,1.309624321711619,1,0,-1.0185275443920072,0,0,1,1,0,0,0,0,0,0,0,-1.225633553042862,220.45,306,10,0.0
0,-0.4816037828229825,1,1,-0.29237617268887545,0,0,1,1,1,1,0,1,1,0,1,-0.26266288500173895,1502.65,305,10,0.0
0,-0.4816037828229825,1,1,-0.8571605729024223,0,0,1,1,0,0,0,1,1,0,0,-0.5318265613118446,565.35,161,2,0.0
1,-0.4816037828229825,0,0,0.7968508848658222,0,0,1,0,1,0,0,0,0,1,0,-1.2156026085841,1623.4,289,8,0.0
1,-0.4816037828229825,0,0,-0.6151101156680451,1,0,0,0,0,0,0,0,0,1,1,-1.5365928312644743,365.8,228,6,0.0
0,1.309624321711619,1,0,1.5633439994413503,1,1,2,1,0,0,0,0,0,2,1,0.47628335679370604,5676,203,2,0.0
0,-0.4816037828229825,1,1,-0.8168188300300262,1,0,0,0,0,0,0,0,0,0,0,-1.586747553558283,233.55,195,0,0.0
0,-0.4816037828229825,0,0,-1.2202362587539883,1,0,2,0,0,0,0,1,1,0,1,0.8006172276270009,168.2,293,15,0.0
1,-0.4816037828229825,1,0,1.6036857423137465,1,1,1,0,1,1,1,1,1,2,1,0.6250756995986713,6316.2,287,8,0.0
1,-0.4816037828229825,1,0,0.11104125603508666,1,1,2,0,0,0,1,1,0,0,1,0.837397357309127,3236.35,258,9,0.0
1,-0.4816037828229825,1,1,1.159926570717388,1,0,0,0,0,0,0,0,0,2,0,-1.5349210071880142,1305.95,262,1,0.0
1,-0.4816037828229825,0,0,-0.8571605729024223,1,0,0,0,0,0,0,0,0,0,1,-1.5382646553409347,237.3,267,1,0.0
0,-0.4816037828229825,0,0,-0.8571605729024223,1,1,2,0,0,1,0,1,1,0,1,1.0497190150195828,1105.4,227,6,0.0
0,-0.4816037828229825,1,1,1.6036857423137465,1,1,2,1,1,1,1,1,1,2,1,1.5596253583399688,8248.5,240,15,0.0
1,-0.4816037828229825,0,0,-0.37305965843366784,1,0,1,0,0,0,0,1,1,1,1,-0.0520130513677432,1509.8,267,1,0.0
0,-0.4816037828229825,1,0,-0.1713509440716868,1,1,2,0,0,1,1,1,1,0,1,1.282102561647562,3046.05,194,0,0.0
0,-0.4816037828229825,0,0,-0.5344266299232527,1,0,2,1,0,1,1,1,1,0,1,1.3422882284001323,1934.45,262,1,0.0
1,-0.4816037828229825,1,0,1.523002256568954,1,0,2,1,1,1,1,0,1,2,0,1.1550439318365808,7085.5,100,5,0.0
0,-0.4816037828229825,0,1,0.47411694188665254,1,0,0,0,0,0,0,0,0,2,0,-1.5566547201819978,868.1,213,4,0.0
0,1.309624321711619,0,0,-0.41340140130606406,1,0,2,1,1,0,0,0,0,0,0,0.5097198383229117,1820.9,333,12,0.0
0,-0.4816037828229825,0,0,-0.77647708715763,1,0,0,0,0,0,0,0,0,1,0,-1.5650138405642993,244.8,141,15,0.0
1,-0.4816037828229825,1,0,1.6036857423137465,1,1,0,0,0,0,0,0,0,2,1,-1.4346115626003972,1723.95,109,15,0.0
0,-0.4816037828229825,1,0,-1.2605780016263846,1,0,0,0,0,0,0,0,0,0,1,-1.5315773590350936,20.65,22,3,0.0
1,1.309624321711619,1,0,0.6758256562486336,1,1,2,0,1,0,0,0,1,0,0,0.7889144590917787,4547.25,225,7,0.0
0,-0.4816037828229825,1,1,0.7968508848658222,1,0,2,1,0,1,1,0,0,0,1,0.5882955699165447,4326.8,79,4,0.0
1,-0.4816037828229825,1,1,0.3127499703970677,1,1,1,0,0,1,0,1,1,0,1,0.2706489953890911,3015.75,13,3,0.0
0,-0.4816037828229825,1,0,0.07069951316269046,1,1,1,1,0,0,1,0,0,0,1,-0.18743080156102623,2003.6,49,15,0.0
0,1.309624321711619,0,0,-1.0185275443920072,1,0,2,0,0,0,0,1,1,0,1,0.7588216257154939,574.35,188,0,0.0
1,-0.4816037828229825,1,0,0.5951421705038412,1,1,2,0,1,0,0,0,0,1,1,0.41609769004113595,3650.35,336,13,0.0
1,-0.4816037828229825,1,1,1.5633439994413503,1,1,1,1,1,0,1,0,0,1,1,0.013188087614207443,4748.7,347,7,0.0
0,-0.4816037828229825,1,1,-1.1395527730091959,1,0,0,0,0,0,0,0,0,0,0,-1.5248900627292523,62.9,45,15,0.0
0,-0.4816037828229825,0,0,-0.8168188300300262,1,0,0,0,0,0,0,0,0,0,0,-1.5633420164878389,220.35,153,2,0.0
1,-0.4816037828229825,0,0,-1.2202362587539883,1,0,1,1,0,1,0,0,0,0,0,-0.43486076487714803,119.5,305,10,0.0
1,-0.4816037828229825,0,0,-1.2605780016263846,1,0,1,0,0,0,0,0,0,0,1,-0.6939934967284919,45.7,267,1,0.0
1,1.309624321711619,1,0,1.2002683135897843,1,1,2,0,1,1,0,1,1,1,1,1.2469942560418963,6383.35,314,10,0.0
1,-0.4816037828229825,0,1,-1.0992110301367997,1,0,0,0,0,0,0,0,0,0,0,-1.546623775723236,83.75,291,8,0.0
0,-0.4816037828229825,0,0,-0.978185801519611,1,0,0,0,0,0,0,0,0,1,1,-1.5800602572524416,161.95,211,4,0.0
1,-0.4816037828229825,1,1,1.6036857423137465,1,1,2,1,1,1,1,1,1,2,0,1.6081082565573173,8306.05,273,3,0.0
0,-0.4816037828229825,0,0,-0.1713509440716868,1,0,1,1,0,0,1,0,0,1,0,-0.4064397555773234,1546.3,200,2,0.0
0,-0.4816037828229825,1,1,-0.8975023157748185,1,0,1,0,0,1,1,0,0,0,0,-0.37634692220103816,528.35,303,10,0.0
0,-0.4816037828229825,1,0,1.2406100564621805,1,1,1,1,1,0,0,1,1,1,1,0.4428468752645004,4786.15,338,13,0.0
1,-0.4816037828229825,1,0,-0.37305965843366784,1,0,1,1,0,0,0,0,1,0,1,-0.21752363493731128,1406,148,2,0.0
0,-0.4816037828229825,1,0,1.4826605136965578,1,0,2,0,1,0,0,1,1,1,1,0.9761587556553306,6744.2,299,10,0.0
1,-0.4816037828229825,0,0,-0.41340140130606406,0,0,1,0,1,1,0,0,1,1,1,-0.759194635710443,903.6,228,6,0.0
1,-0.4816037828229825,0,0,-0.41340140130606406,1,1,2,0,0,0,0,1,1,0,1,0.942722274126125,2104.55,308,10,0.0
1,-0.4816037828229825,0,0,1.6036857423137465,1,1,1,0,1,1,1,1,1,2,1,0.7404315608744304,6201.95,48,3,0.0
1,-0.4816037828229825,0,0,-0.29237617268887545,1,1,1,1,1,1,1,0,1,0,0,0.5113916623993718,2028.8,47,9,0.0
1,1.309624321711619,1,0,-0.009983972582101961,1,1,2,0,0,0,0,0,2,0,1,0.2823517639243133,2303.35,187,0,0.0
1,-0.4816037828229825,0,1,0.756509141993426,1,0,1,0,0,0,1,0,0,1,0,-0.6221050614406998,2356.75,79,4,0.0
0,1.309624321711619,0,0,-1.1395527730091959,1,1,2,0,0,0,0,0,1,0,1,0.6066856347576078,360.1,239,15,0.0
0,-0.4816037828229825,1,0,0.7968508848658222,1,1,2,0,1,0,1,1,1,0,1,1.2118859504362305,5138.1,102,5,0.0
0,1.309624321711619,1,0,1.6036857423137465,1,1,1,1,1,1,1,1,1,2,1,0.7822271627859375,6697.35,139,15,0.0
0,-0.4816037828229825,0,0,0.8371926277382185,1,1,2,0,1,1,0,1,1,2,0,1.3071799227944663,5682.25,175,6,0.0
0,-0.4816037828229825,1,1,-0.6957936014128375,1,1,2,0,1,1,0,1,1,0,1,1.3004926264886252,1559.25,372,10,0.0
1,-0.4816037828229825,0,0,1.3616352850793692,1,0,0,0,0,0,0,0,0,2,0,-1.5633420164878389,1253.8,344,4,0.0
0,1.309624321711619,0,0,0.554800427631445,1,1,2,1,1,1,0,1,1,1,1,1.4559722655994316,4874.8,313,10,0.0
1,-0.4816037828229825,0,0,-1.2605780016263846,1,0,1,1,0,0,0,0,0,0,1,-0.598699524370256,48.55,221,6,0.0
0,-0.4816037828229825,0,0,-0.8571605729024223,1,0,0,0,0,0,0,0,0,1,0,-1.551639247952617,237.7,209,4,0.0
1,-0.4816037828229825,0,0,-0.41340140130606406,1,1,0,0,0,0,0,0,0,0,1,-1.3911441366124297,493.4,188,0,0.0
1,-0.4816037828229825,1,1,-0.6957936014128375,1,0,1,0,1,1,1,0,1,0,1,0.10179476366660262,1071.4,194,0,0.0
0,1.309624321711619,1,1,-0.009983972582101961,1,1,2,0,0,1,0,1,0,0,1,0.832381885079746,2896.55,255,9,0.0
0,-0.4816037828229825,1,1,1.6036857423137465,0,0,1,1,1,1,1,1,1,2,1,-0.0419821069089816,4784.45,193,0,0.0
0,-0.4816037828229825,1,0,-1.2202362587539883,1,0,1,0,0,0,0,0,0,0,1,-0.7307736264106182,80.55,308,10,0.0
1,-0.4816037828229825,0,0,-1.1395527730091959,1,0,1,0,0,0,0,1,0,0,1,-0.3362231443659915,234.85,329,12,0.0
1,-0.4816037828229825,0,0,-0.8168188300300262,1,1,2,0,0,1,0,1,0,0,1,0.7721962183271759,1021.75,310,10,0.0
0,-0.4816037828229825,0,0,-1.2202362587539883,1,0,2,0,0,1,0,0,1,0,1,0.6601840052043372,178.7,316,10,0.0
0,-0.4816037828229825,0,1,-0.6151101156680451,1,0,1,0,0,0,0,1,1,0,1,-0.058700347673584424,1093.1,264,1,0.0
0,-0.4816037828229825,1,1,1.4423187708241616,0,0,1,0,1,1,1,1,1,2,0,-0.2058208664020895,4109,247,15,0.0
1,1.309624321711619,1,1,0.9582178563554071,1,1,2,1,0,1,0,1,1,1,1,1.2737434412652606,5794.65,239,15,0.0
1,-0.4816037828229825,1,1,1.6036857423137465,1,1,1,1,1,1,1,1,1,2,0,0.7822271627859375,6562.9,287,8,0.0
1,-0.4816037828229825,0,0,-0.1310092011992906,1,1,2,0,0,0,0,0,1,0,1,0.6167165792163699,2516.2,342,13,0.0
0,1.309624321711619,1,1,1.1195848278449918,1,0,1,1,1,1,1,0,1,1,1,0.28067993984785267,4456.35,201,3,0.0
1,-0.4816037828229825,0,0,0.756509141993426,1,1,2,0,1,1,1,0,0,0,1,0.6986359589629233,4473,262,1,0.0
0,-0.4816037828229825,1,1,-0.77647708715763,1,0,1,0,0,0,0,0,1,0,0,-0.3512695610541339,734.35,108,3,0.0
1,-0.4816037828229825,1,0,1.6036857423137465,1,0,0,0,0,0,0,0,0,2,0,-1.5299055349586332,1492.1,193,0,0.0
0,-0.4816037828229825,1,1,0.9582178563554071,1,1,2,0,0,1,0,1,1,1,1,1.1149201540015339,5515.45,313,10,0.0
0,-0.4816037828229825,0,0,-1.2605780016263846,1,0,2,0,0,1,0,0,0,0,1,0.27232081946555126,74.6,305,10,0.0
0,-0.4816037828229825,1,0,1.2406100564621805,1,1,2,0,1,0,0,0,0,0,1,0.5047043660935306,5029.05,304,10,0.0
1,-0.4816037828229825,1,0,1.523002256568954,1,1,2,1,1,0,1,0,0,2,1,0.7203696719569073,5986.45,332,12,0.0
1,-0.4816037828229825,0,0,1.321293542206973,1,1,1,0,1,1,1,0,1,2,1,0.2589462268538693,4805.65,105,2,0.0
1,-0.4816037828229825,0,0,-1.2605780016263846,1,1,2,0,1,0,0,0,1,0,1,0.8156636443151432,90.85,277,10,0.0
0,-0.4816037828229825,1,1,-1.0185275443920072,1,0,1,1,0,0,0,0,0,0,0,-0.5268110890824635,350.35,317,10,0.0
1,-0.4816037828229825,0,1,0.2320664846522753,1,1,2,0,1,0,0,0,0,0,1,0.5147353105522923,3141.7,258,9,0.0
0,-0.4816037828229825,0,0,-0.6151101156680451,1,1,0,0,0,0,0,0,0,0,0,-1.3928159606888901,475.25,353,15,0.0
0,-0.4816037828229825,1,0,0.554800427631445,1,1,1,1,0,0,0,0,0,0,0,-0.38303421850687935,2473.95,299,10,0.0
0,-0.4816037828229825,0,0,-1.2605780016263846,1,0,0,0,0,0,0,0,0,0,1,-1.5783884331759814,19.25,29,15,0.0
1,-0.4816037828229825,1,1,0.07069951316269046,1,0,2,0,0,0,0,0,1,1,1,0.41776951411759616,2647.2,308,10,0.0
1,-0.4816037828229825,1,1,0.19172474177987908,1,0,2,0,0,0,0,1,1,1,0,0.8273664128503654,3247.55,332,12,0.0
1,-0.4816037828229825,0,0,-1.2605780016263846,1,0,0,0,0,0,0,0,0,0,0,-1.5683574887172198,19.55,268,1,0.0
1,1.309624321711619,1,1,1.1195848278449918,1,1,2,1,1,0,0,0,1,0,1,0.8959111999852369,5774.55,164,4,0.0
1,-0.4816037828229825,0,0,-0.8975023157748185,1,0,0,0,0,0,0,0,0,1,0,-1.5416083034938552,176.3,283,2,0.0
1,-0.4816037828229825,0,0,-1.2605780016263846,1,0,1,0,0,1,1,0,0,0,0,-0.3813623944304192,55.05,263,1,0.0
1,-0.4816037828229825,0,0,,1,0,0,0,0,0,2,0,0,0,0,-1.5616701924113787,19.75,336,13,0.0
2,3.1008524262462207,2,2,,2,2,3,2,2,2,2,2,2,3,2,,,374,16,0.0
1,1.309624321711619,0,0,-0.978185801519611,1,0,2,0,1,0,0,0,0,0,1,0.2689771713126309,606.55,296,10,0.0
0,-0.4816037828229825,0,0,0.11104125603508666,1,1,2,0,1,0,1,0,0,0,0,0.6300911718280519,2917.5,141,15,0.0
0,-0.4816037828229825,1,1,1.6036857423137465,1,1,2,1,1,0,1,0,0,2,1,0.7989454035505403,6563.4,313,10,0.0
1,-0.4816037828229825,0,0,-1.2202362587539883,1,0,1,0,0,0,0,0,0,0,0,-0.7391327467929195,81.25,305,10,0.0
1,-0.4816037828229825,0,0,-1.0185275443920072,1,1,2,0,0,0,0,1,1,0,0,0.9544250426613468,655.5,331,12,0.0
1,1.309624321711619,1,0,-0.1310092011992906,1,1,1,0,0,0,0,0,0,0,1,-0.49671825570617856,1442,302,10,0.0
0,1.309624321711619,0,0,-1.2605780016263846,1,1,2,0,0,0,0,1,0,0,1,0.6434657644397344,85.7,221,6,0.0
0,-0.4816037828229825,0,0,0.7968508848658222,1,0,1,1,0,1,1,0,0,1,0,-0.2843965979957226,3042.25,345,7,0.0
0,-0.4816037828229825,1,0,1.6036857423137465,1,1,2,1,0,1,0,1,1,2,1,1.2887898579534034,7589.8,8,10,0.0
0,-0.4816037828229825,0,0,0.3127499703970677,0,0,1,1,0,0,1,1,1,1,1,-0.398080635195022,2236.2,284,7,0.0
0,-0.4816037828229825,0,0,-0.009983972582101961,1,0,0,0,0,0,0,0,0,1,0,-1.5616701924113787,624.15,354,3,0.0
0,-0.4816037828229825,0,0,0.39343345614186015,1,0,2,0,1,1,1,1,1,0,1,1.2486660801183564,4327.5,293,15,0.0
1,-0.4816037828229825,0,1,1.2002683135897843,1,0,1,1,1,0,0,0,0,1,0,-0.3445822647482929,3487.95,328,12,0.0
1,1.309624321711619,0,0,0.11104125603508666,1,1,2,0,0,1,0,1,1,0,1,1.0898427928546297,3395.8,228,6,0.0
1,-0.4816037828229825,0,0,-0.6554518585404413,1,0,0,0,0,0,0,0,0,2,0,-1.5616701924113787,284.35,129,7,0.0
0,-0.4816037828229825,1,0,0.6758256562486336,1,0,0,0,0,0,0,0,0,2,1,-1.5482955997996966,973.35,289,8,0.0
1,-0.4816037828229825,1,0,1.0389013421001996,1,1,2,0,0,1,0,1,1,1,0,1.1333102188425968,5681.1,313,10,0.0
2,3.1008524262462207,2,2,,2,2,3,2,2,2,2,2,2,3,2,,,374,16,0.0
0,-0.4816037828229825,0,0,-0.8571605729024223,1,0,1,0,0,1,1,0,1,1,0,-0.0520130513677432,697.25,194,0,0.0
1,-0.4816037828229825,1,1,0.6758256562486336,1,0,1,1,1,0,1,0,0,0,0,-0.2292264034725333,2970.3,228,6,0.0
1,-0.4816037828229825,1,1,-1.1395527730091959,1,1,2,0,1,1,0,0,0,0,1,0.613372931063449,371.9,317,10,0.0
0,-0.4816037828229825,0,0,-0.29237617268887545,1,0,2,1,1,0,0,0,0,0,1,0.44786234749388093,2015.35,223,6,0.0
2,3.1008524262462207,2,2,,2,2,3,2,2,2,2,2,2,3,2,,,374,16,0.0
1,-0.4816037828229825,1,1,0.27240822752467153,1,1,0,0,0,0,0,0,0,2,1,-1.4262524422180958,903.8,95,8,0.0
0,-0.4816037828229825,0,0,-0.9378440586472148,1,1,2,0,0,1,0,1,1,0,0,1.0647654317077253,923.5,302,10,0.0
0,-0.4816037828229825,0,0,-0.2520344298164792,1,1,2,0,0,1,0,0,0,0,1,0.47628335679370604,2193,353,15,0.0
0,-0.4816037828229825,0,0,-0.8571605729024223,0,0,1,0,1,1,1,0,0,1,1,-0.8712068488332819,422.6,259,9,0.0
1,-0.4816037828229825,1,0,-0.37305965843366784,1,1,2,0,1,1,0,0,0,0,0,0.594982866222386,1968.1,254,9,0.0
0,1.309624321711619,0,0,-0.6957936014128375,1,1,2,0,1,0,0,1,0,0,0,0.7538061534861129,1288.3,203,2,0.0
0,-0.4816037828229825,0,0,-0.4537431441784603,1,0,2,0,1,1,1,1,1,1,1,1.2737434412652606,2239.4,178,6,0.0
1,-0.4816037828229825,1,0,0.4337751990142563,1,0,2,1,0,1,1,0,0,1,1,0.594982866222386,3539.25,251,9,0.0
1,1.309624321711619,1,0,0.7161673991210298,1,1,2,1,1,1,0,1,0,1,1,1.185136765212866,5265.5,275,15,0.0
0,-0.4816037828229825,0,0,-0.77647708715763,1,0,2,0,1,1,0,0,0,0,1,0.42780045857635773,1111.65,305,10,0.0
1,1.309624321711619,1,1,-0.8975023157748185,0,0,1,0,0,0,0,0,1,0,1,-1.0668102657791352,362.6,163,4,0.0
2,3.1008524262462207,2,2,,2,2,3,2,2,2,2,2,2,3,2,,,374,16,0.0
2,3.1008524262462207,2,2,,2,2,3,2,2,2,2,2,2,3,2,,,374,16,0.0
1,-0.4816037828229825,0,0,0.07069951316269046,1,0,1,1,0,1,0,0,0,1,0,-0.31783307952492823,1889.5,228,6,0.0
1,1.309624321711619,0,0,-1.179894515881592,1,1,2,0,1,0,0,0,0,0,1,0.49801706978768945,233.7,331,12,0.0
0,-0.4816037828229825,0,0,1.321293542206973,1,0,1,1,1,1,1,1,1,2,1,0.6150447551399092,5459.2,350,9,0.0
0,-0.4816037828229825,0,0,0.554800427631445,1,0,2,0,0,1,0,0,0,0,1,0.2790081157713925,3548.3,314,10,0.0
1,-0.4816037828229825,1,1,-1.179894515881592,1,0,1,0,0,1,0,0,0,0,1,-0.5452011539235269,168.15,295,10,0.0
0,-0.4816037828229825,0,0,-0.49408488705085646,1,0,0,0,0,0,0,0,0,0,1,-1.5700293127936802,413,320,10,0.0
0,1.309624321711619,1,0,-1.0992110301367997,1,1,2,0,0,0,0,0,0,0,1,0.26396169908324985,334.8,306,10,0.0
1,-0.4816037828229825,0,0,-1.2605780016263846,1,0,0,0,0,0,0,0,0,0,0,-1.5482955997996966,20.15,227,6,0.0
1,-0.4816037828229825,0,0,-1.2605780016263846,0,0,1,0,0,0,0,0,0,0,0,-1.374425895847827,25.35,248,15,0.0
2,3.1008524262462207,2,2,,2,2,3,2,2,2,2,2,2,3,2,,,374,16,0.0
0,1.309624321711619,1,0,-0.1310092011992906,0,0,1,1,0,1,0,0,1,0,1,-0.7173990337989359,1228.65,100,5,0.0
1,-0.4816037828229825,0,0,-1.2605780016263846,1,0,2,0,0,0,0,0,1,0,0,0.4495341715703416,79.9,267,1,0.0
0,-0.4816037828229825,1,0,-0.49408488705085646,1,0,2,1,1,0,1,1,0,0,1,1.0062515890316155,1901.65,340,9,0.0
0,-0.4816037828229825,1,0,1.523002256568954,1,0,0,0,0,0,0,0,0,2,0,-1.5717011368701403,1303.5,174,6,0.0
2,3.1008524262462207,2,2,,2,2,3,2,2,2,2,2,2,3,2,,,374,16,0.0
1,-0.4816037828229825,1,1,0.07069951316269046,0,0,1,0,0,1,1,1,0,0,1,-0.7224145060283167,1442.6,352,3,0.0
1,-0.4816037828229825,0,0,-1.2605780016263846,1,0,2,0,0,0,0,0,0,0,0,0.13857489334872863,70.6,314,10,0.0
2,3.1008524262462207,2,2,,2,2,3,2,2,2,2,2,2,3,2,,,374,16,0.0
2,3.1008524262462207,2,2,,2,2,3,2,2,2,2,2,2,3,2,,,374,16,0.0
1,1.309624321711619,0,0,-1.2202362587539883,1,0,1,0,0,0,0,0,0,0,0,-0.719070857875396,85.15,303,10,0.0
1,-0.4816037828229825,0,0,0.7968508848658222,1,0,1,1,1,0,0,1,0,2,1,-0.10718324589093273,3342.45,180,7,0.0
0,-0.4816037828229825,1,0,1.159926570717388,1,1,0,0,0,0,0,0,0,2,0,-1.4061905533005725,1417.9,90,2,0.0
2,3.1008524262462207,2,2,,2,2,3,2,2,2,2,2,2,3,2,,,374,16,0.0
1,-0.4816037828229825,1,1,0.9985595992278032,1,0,2,0,1,1,0,1,1,1,1,1.0396880705608211,5598,329,12,0.0
2,3.1008524262462207,2,2,,2,2,3,2,2,2,2,2,2,3,2,,,374,16,0.0
0,-0.4816037828229825,0,0,0.4337751990142563,1,1,1,0,1,1,1,1,1,1,0,0.6234038755222107,3662.25,35,4,0.0
1,-0.4816037828229825,1,0,-1.179894515881592,1,0,2,0,0,0,0,0,0,0,1,0.12854394888996704,208.85,164,4,0.0
0,1.309624321711619,0,0,-0.009983972582101961,1,0,1,0,1,0,1,0,0,0,0,-0.3947369870421014,1830.1,307,10,0.0
1,-0.4816037828229825,0,0,-0.05032571545449817,1,1,2,0,0,0,1,0,0,1,0,0.5097198383229117,2548.65,366,10,0.0
1,-0.4816037828229825,0,0,-0.8975023157748185,1,1,2,1,0,0,0,1,1,0,0,1.0731245520900268,1008.55,262,1,0.0
1,-0.4816037828229825,1,1,1.2809517993345767,1,1,2,1,0,1,0,0,1,2,0,0.900926672214618,5822.3,239,15,0.0
0,-0.4816037828229825,1,0,1.5633439994413503,0,0,1,0,1,1,1,1,1,2,0,-0.274365653536961,4145.9,56,4,0.0
2,3.1008524262462207,2,2,,2,2,3,2,2,2,2,2,2,3,2,,,374,16,0.0
1,1.309624321711619,1,1,1.3616352850793692,1,1,2,0,1,1,1,1,1,1,1,1.4041457192291629,7076.35,294,15,0.0
0,-0.4816037828229825,0,0,0.5951421705038412,1,1,1,1,0,1,1,0,0,2,1,-0.048669403214822826,2879.9,245,15,0.0
1,-0.4816037828229825,0,0,-0.5747683727956489,1,1,2,0,0,0,0,0,0,0,1,0.3057573009947569,1395.05,43,3,0.0
0,-0.4816037828229825,1,1,-0.37305965843366784,1,1,0,0,0,0,0,0,0,2,1,-1.3660667754655256,514.75,196,3,0.0
1,-0.4816037828229825,1,0,0.7161673991210298,1,1,2,1,1,0,0,0,1,0,1,0.9343631537438236,4914.9,200,2,0.0
0,-0.4816037828229825,0,0,1.321293542206973,1,1,2,0,1,0,1,1,1,1,1,1.2904616820298636,6744.25,262,1,0.0
0,-0.4816037828229825,1,1,-1.3009197444987808,1,0,1,1,1,1,0,1,1,2,0,0.4812988290230866, ,238,15,0.0
0,-0.4816037828229825,1,1,-0.1310092011992906,1,0,0,0,0,0,0,0,0,1,0,-1.5533110720290773,540.05,141,15,0.0
0,-0.4816037828229825,0,0,-0.6957936014128375,1,0,0,0,0,0,0,0,0,0,0,-1.5566547201819978,320.45,99,8,0.0
0,1.309624321711619,0,0,-1.2202362587539883,1,1,2,0,1,0,0,0,2,0,0,0.7705243942507157,161.5,239,15,0.0
0,-0.4816037828229825,1,0,-1.2605780016263846,0,0,1,2,0,0,0,0,0,0,1,-1.3928159606888901,24.8,281,3,0.0
1,-0.4816037828229825,0,0,0.6354839133762374,1,1,2,0,1,1,0,1,1,2,1,1.3924429506939406,5067.45,254,9,0.0
1,-0.4816037828229825,0,0,-1.2605780016263846,1,1,2,0,0,0,0,0,0,0,1,0.2890390602301541,75.1,202,2,0.0
0,-0.4816037828229825,1,1,1.5633439994413503,1,1,0,0,0,0,0,0,0,2,0,-1.3710822476949063,1813.35,266,1,0.0
1,-0.4816037828229825,1,0,1.159926570717388,1,0,1,1,1,0,1,1,1,2,1,0.4879861253289278,4747.65,269,1,0.0
